-- phpMyAdmin SQL Dump
-- version 5.2.0
-- https://www.phpmyadmin.net/
--
-- Host: localhost
-- Generation Time: Jul 07, 2022 at 01:36 PM
-- Server version: 10.4.24-MariaDB
-- PHP Version: 8.1.6

SET SQL_MODE = "NO_AUTO_VALUE_ON_ZERO";
START TRANSACTION;
SET time_zone = "+00:00";


/*!40101 SET @OLD_CHARACTER_SET_CLIENT=@@CHARACTER_SET_CLIENT */;
/*!40101 SET @OLD_CHARACTER_SET_RESULTS=@@CHARACTER_SET_RESULTS */;
/*!40101 SET @OLD_COLLATION_CONNECTION=@@COLLATION_CONNECTION */;
/*!40101 SET NAMES utf8mb4 */;

--
-- Database: `service_app`
--

-- --------------------------------------------------------

--
-- Table structure for table `financial_year_master`
--

CREATE TABLE `financial_year_master` (
  `year_id` int(11) NOT NULL,
  `name` varchar(255) DEFAULT NULL,
  `status` enum('active','inactive') DEFAULT 'active',
  `is_deleted` enum('0','1') DEFAULT '0',
  `created_at` varchar(25) DEFAULT NULL,
  `modified_at` varchar(25) DEFAULT NULL
) ENGINE=InnoDB DEFAULT CHARSET=utf8mb4;

--
-- Dumping data for table `financial_year_master`
--

INSERT INTO `financial_year_master` (`year_id`, `name`, `status`, `is_deleted`, `created_at`, `modified_at`) VALUES
(1, '2020-21', 'active', '0', NULL, NULL),
(2, '2021-22', 'active', '0', NULL, NULL),
(3, '2022-23', 'active', '0', NULL, NULL);

-- --------------------------------------------------------

--
-- Table structure for table `services_master`
--

CREATE TABLE `services_master` (
  `service_id` int(11) NOT NULL,
  `name` varchar(255) DEFAULT NULL,
  `price` int(11) DEFAULT NULL,
  `status` enum('active','inactive') DEFAULT 'active',
  `is_deleted` enum('0','1') DEFAULT '0',
  `created_at` varchar(25) DEFAULT NULL,
  `modified_at` varchar(25) DEFAULT NULL
) ENGINE=InnoDB DEFAULT CHARSET=utf8mb4;

--
-- Dumping data for table `services_master`
--

INSERT INTO `services_master` (`service_id`, `name`, `price`, `status`, `is_deleted`, `created_at`, `modified_at`) VALUES
(1, 'ITR', 999, 'active', '0', NULL, NULL),
(2, 'GST', 1499, 'active', '0', NULL, NULL),
(3, 'Tally', 1999, 'active', '0', NULL, NULL);

-- --------------------------------------------------------

--
-- Table structure for table `service_input_fields`
--

CREATE TABLE `service_input_fields` (
  `input_id` int(11) NOT NULL,
  `name` varchar(255) DEFAULT NULL,
  `type` enum('file','text') DEFAULT 'file',
  `_services_id` int(11) DEFAULT NULL,
  `created_at` varchar(25) DEFAULT NULL,
  `modified_at` varchar(25) DEFAULT NULL
) ENGINE=InnoDB DEFAULT CHARSET=utf8mb4;

-- --------------------------------------------------------

--
-- Table structure for table `user_details`
--

CREATE TABLE `user_details` (
  `_user_id` int(11) DEFAULT NULL,
  `pan_number` varchar(255) DEFAULT NULL,
  `adhar_number` int(11) DEFAULT NULL,
  `first_name` varchar(255) DEFAULT NULL,
  `middle_name` varchar(255) DEFAULT NULL,
  `last_name` varchar(255) DEFAULT NULL,
  `father_name` varchar(255) DEFAULT NULL,
  `gender` enum('male','female') DEFAULT NULL,
  `birthdate` date DEFAULT NULL,
  `street` varchar(255) DEFAULT NULL,
  `area` varchar(255) DEFAULT NULL,
  `city` varchar(255) DEFAULT NULL,
  `state` varchar(255) DEFAULT NULL,
  `postal_code` int(11) DEFAULT NULL,
  `country` varchar(255) DEFAULT NULL,
  `email` varchar(255) DEFAULT NULL,
  `mobile` varchar(255) DEFAULT NULL,
  `is_deleted` enum('0','1') DEFAULT '0',
  `created_at` varchar(25) DEFAULT NULL,
  `modified_at` varchar(25) DEFAULT NULL
) ENGINE=InnoDB DEFAULT CHARSET=utf8mb4;

--
-- Dumping data for table `user_details`
--

INSERT INTO `user_details` (`_user_id`, `pan_number`, `adhar_number`, `first_name`, `middle_name`, `last_name`, `father_name`, `gender`, `birthdate`, `street`, `area`, `city`, `state`, `postal_code`, `country`, `email`, `mobile`, `is_deleted`, `created_at`, `modified_at`) VALUES
(107, '1425', 6182, 'Roman', 'aut', 'Adams', 'Gerda', 'male', '1972-10-29', '8812 Schaden Rapids Apt. 486', 'Apt. 961', 'New Hassanborough', 'Ohio', 0, 'Ghana', 'franz.borer@example.com', '(103)587-4225x6013', '0', '1982-03-08', '1983-06-18'),
(222, '7914', 2429, 'Fay', 'sint', 'Bruen', 'Trycia', 'male', '2006-05-30', '535 Howe Point', 'Suite 235', 'Hettingerland', 'Montana', 0, 'Oman', 'blair65@example.org', '02248837613', '0', '1980-12-08', '2012-10-14'),
(39, '5177', 8672, 'Wendell', 'ut', 'Smith', 'Micaela', 'female', '1999-01-23', '748 Wolf Burgs Suite 963', 'Suite 859', 'Huelfort', 'Pennsylvania', 0, 'Mongolia', 'ghammes@example.net', '614-693-6579x0864', '0', '2021-03-25', '1993-01-26'),
(202, '8752', 4578, 'Carlo', 'accusantium', 'Lakin', 'Thora', 'female', '1978-04-11', '929 Carolyn Lake Apt. 173', 'Suite 103', 'North Ludwig', 'Mississippi', 0, 'Aruba', 'eliza.schoen@example.com', '708-881-1955x79672', '0', '1988-01-21', '1998-08-24'),
(94, '3134', 5725, 'Nya', 'aut', 'Bartoletti', 'Aletha', 'male', '2018-04-17', '32760 Liana Glens Suite 586', 'Suite 482', 'New Laurianeland', 'NewMexico', 0, 'Dominican Republic', 'lleannon@example.net', '(320)129-4914', '0', '2000-07-20', '1972-04-18'),
(43, '3167', 1455, 'Pansy', 'sunt', 'Kilback', 'Daniela', 'male', '1995-09-03', '432 Norberto Village', 'Suite 688', 'Lake Anya', 'Indiana', 0, 'Ethiopia', 'denesik.eldon@example.com', '356.451.6592x7203', '0', '1990-01-10', '1973-07-31'),
(172, '8550', 844, 'Emilio', 'enim', 'Gutkowski', 'Myrtie', 'female', '2021-01-20', '023 Eladio Square Suite 690', 'Apt. 795', 'Justonton', 'Louisiana', 0, 'Mayotte', 'leilani.ziemann@example.org', '(621)292-1321x671', '0', '2021-03-03', '1976-04-02'),
(215, '6825', 8624, 'Nelle', 'quo', 'Rath', 'Selina', 'female', '1998-12-12', '67341 Thaddeus Garden', 'Apt. 109', 'Kristoferstad', 'Montana', 0, 'Pitcairn Islands', 'gerald21@example.com', '1-938-818-1202x264', '0', '2022-02-13', '1993-02-02'),
(176, '8457', 587, 'Lorenz', 'possimus', 'Dooley', 'Letha', 'female', '1970-07-08', '3776 Webster View', 'Suite 558', 'North Franciscohaven', 'Oregon', 0, 'Moldova', 'estokes@example.org', '(529)742-9481x37123', '0', '1973-10-09', '2004-01-01'),
(241, '867', 812, 'Donny', 'qui', 'Borer', 'Hildegard', 'female', '1986-09-27', '031 Halvorson Curve', 'Apt. 182', 'Beahanstad', 'Vermont', 0, 'Cambodia', 'koelpin.evangeline@example.com', '+44(0)9263097415', '0', '2007-01-22', '1973-09-28'),
(187, '3564', 6313, 'Brennan', 'et', 'Hand', 'Joyce', 'male', '2019-05-17', '96445 Roy Way', 'Apt. 862', 'East Declanport', 'Indiana', 0, 'Mauritania', 'tara.smith@example.net', '+60(5)7076779235', '0', '1985-06-27', '2015-02-06'),
(1, '7915', 5961, 'Pierce', 'quia', 'Mosciski', 'Aisha', 'male', '2019-03-04', '40797 Haley Lights Suite 333', 'Apt. 700', 'Reynahaven', 'Delaware', 0, 'Turks and Caicos Islands', 'zion33@example.com', '289.800.9540', '0', '2003-07-24', '2008-04-07'),
(86, '928', 6278, 'Mya', 'quos', 'Ritchie', 'Liza', 'male', '2011-07-22', '6694 Myriam Rue', 'Suite 568', 'West Aleen', 'Oklahoma', 0, 'Bulgaria', 'bednar.bernie@example.org', '04956372755', '0', '2012-03-28', '1987-10-24'),
(231, '9912', 3477, 'Juliana', 'ex', 'Hintz', 'Antonetta', 'female', '1975-04-22', '33714 Isidro Views', 'Apt. 979', 'Cliftonside', 'California', 0, 'Rwanda', 'ihowe@example.org', '652.629.5735x925', '0', '2003-07-02', '2009-10-06'),
(239, '3904', 5436, 'Raymundo', 'consequatur', 'Lowe', 'Mia', 'female', '2007-06-04', '8666 Bernhard Fall Apt. 772', 'Suite 096', 'Jerdeville', 'California', 0, 'Sudan', 'estell37@example.org', '1-245-182-1650x54519', '0', '1974-07-10', '1976-04-11'),
(250, '9444', 8136, 'Gretchen', 'autem', 'Terry', 'Yvette', 'male', '2008-06-30', '958 Halvorson Place Apt. 426', 'Apt. 762', 'East Wainomouth', 'NorthDakota', 0, 'Colombia', 'wstanton@example.com', '749-786-3320', '0', '2017-03-02', '2017-08-23'),
(267, '1797', 1011, 'Kylee', 'placeat', 'Tromp', 'Ellen', 'female', '2008-02-11', '25418 Quinn Lodge', 'Suite 843', 'West Ivoryville', 'Georgia', 0, 'Serbia', 'dana.renner@example.com', '1-689-551-9186x826', '0', '1985-10-28', '1987-03-11'),
(160, '2555', 8914, 'Jeremy', 'facilis', 'Parisian', 'Sibyl', 'female', '1976-08-17', '672 Easton Turnpike', 'Suite 903', 'West Quinn', 'Iowa', 0, 'Myanmar', 'sarina.dooley@example.com', '03041553039', '0', '2012-11-30', '2021-04-17'),
(184, '7328', 5376, 'Okey', 'ipsa', 'Quigley', 'Katrina', 'male', '1972-09-12', '5617 Barney Knoll', 'Suite 560', 'East Francesview', 'Massachusetts', 0, 'Mayotte', 'scummerata@example.org', '1-325-900-2629', '0', '1996-03-17', '1978-12-20'),
(49, '1958', 4030, 'Korbin', 'ab', 'Wunsch', 'Calista', 'female', '1975-10-05', '4493 Blanda Dale Suite 297', 'Suite 170', 'East Tianaport', 'Wisconsin', 0, 'Australia', 'etromp@example.com', '1-297-879-0847', '0', '1973-06-01', '1981-12-08'),
(14, '849', 3205, 'Kristin', 'esse', 'Bode', 'Haylie', 'male', '2021-02-05', '60693 Schamberger Lakes', 'Apt. 731', 'Sengerborough', 'Virginia', 0, 'Argentina', 'mckenzie.jenifer@example.com', '051-569-6409', '0', '1975-01-17', '1987-07-22'),
(132, '4618', 5665, 'Olga', 'consequuntur', 'Nienow', 'Una', 'male', '1985-10-25', '675 Dayton Spurs', 'Suite 886', 'Willshire', 'NewMexico', 0, 'Jersey', 'celine.howe@example.com', '1-084-041-6298x2796', '0', '2009-07-02', '2015-06-17'),
(83, '7238', 9565, 'Vergie', 'laborum', 'Mohr', 'Lauryn', 'male', '1975-01-09', '44765 Adams Canyon Suite 810', 'Suite 326', 'North Jordane', 'NorthCarolina', 0, 'Papua New Guinea', 'nitzsche.lucas@example.com', '238-031-4198', '0', '1976-08-31', '2017-07-02'),
(70, '9904', 5127, 'Hubert', 'eligendi', 'Hamill', 'Eugenia', 'male', '1973-02-18', '94665 Harvey Locks Apt. 757', 'Suite 080', 'Port Tobin', 'Pennsylvania', 0, 'Benin', 'will.elfrieda@example.com', '025-648-9489x78964', '0', '2011-01-11', '1987-10-13'),
(193, '9051', 696, 'Brooks', 'alias', 'Rolfson', 'Burnice', 'female', '2021-11-12', '785 Myrtle Cove Apt. 097', 'Apt. 655', 'Port Keonville', 'Wisconsin', 0, 'United States Minor Outlying Islands', 'aylin.dubuque@example.net', '08440624246', '0', '1999-10-30', '2006-08-16'),
(47, '6423', 7725, 'Grace', 'atque', 'Paucek', 'Patience', 'male', '2008-10-27', '0253 Lehner Underpass Apt. 550', 'Suite 067', 'Anselstad', 'WestVirginia', 0, 'Iceland', 'krystel70@example.org', '649.497.3347x02045', '0', '2014-08-20', '2011-11-17'),
(46, '9979', 136, 'Camille', 'corrupti', 'McDermott', 'Marta', 'male', '1993-08-07', '3637 Eleazar Trace', 'Apt. 797', 'O\'Connerfurt', 'Connecticut', 0, 'Latvia', 'hoeger.samara@example.net', '675.840.5937x7551', '0', '2012-08-29', '1989-08-11'),
(217, '1924', 1086, 'Janick', 'consequatur', 'Lakin', 'Jalyn', 'male', '2017-07-07', '442 Price Trace Apt. 278', 'Apt. 047', 'Stehrfurt', 'NorthDakota', 0, 'Zambia', 'megane29@example.org', '1-869-650-9539', '0', '1987-09-06', '2017-01-29'),
(125, '8002', 8276, 'Jamison', 'sint', 'Auer', 'Gwen', 'male', '2001-06-12', '70510 Johnson Walks Apt. 686', 'Suite 834', 'Port Baby', 'Utah', 0, 'Heard Island and McDonald Islands', 'ilind@example.net', '800-317-7490', '0', '1978-06-22', '1973-08-05'),
(248, '7582', 4757, 'Caleigh', 'amet', 'Von', 'Aubree', 'female', '1972-10-21', '670 Coy Fords Apt. 167', 'Apt. 837', 'East Edahaven', 'Ohio', 0, 'Monaco', 'clakin@example.net', '187-361-8462x30984', '0', '2007-02-21', '1970-04-07'),
(233, '8550', 8796, 'Frieda', 'dolores', 'Heathcote', 'Maryam', 'male', '1993-07-24', '844 Deckow Falls Apt. 065', 'Apt. 054', 'Asaton', 'Alabama', 0, 'Tonga', 'emerson50@example.org', '337.934.7555x05897', '0', '1979-01-03', '1975-03-16'),
(56, '8695', 1593, 'Ricardo', 'minus', 'Klocko', 'Trisha', 'female', '1970-06-12', '307 Hand Spurs', 'Suite 685', 'Port Hiramborough', 'NorthDakota', 0, 'Czech Republic', 'kling.andreane@example.com', '(279)544-3747', '0', '1984-07-13', '1990-02-27'),
(117, '6567', 4688, 'Gussie', 'qui', 'Bogan', 'Phoebe', 'female', '2007-12-30', '227 German Lights', 'Suite 508', 'New Yesenia', 'Idaho', 0, 'Bolivia', 'riley57@example.net', '1-713-429-5649x852', '0', '2018-06-18', '2011-09-22'),
(77, '6510', 7535, 'Dee', 'ipsa', 'Blick', 'Kailey', 'male', '1993-05-04', '9801 Arely Road Apt. 106', 'Apt. 762', 'Bartonberg', 'California', 0, 'Palau', 'tierra.hills@example.com', '396.058.5150', '0', '1975-08-16', '1982-02-25'),
(63, '2347', 3243, 'Marjolaine', 'eum', 'Kulas', 'Nina', 'male', '1987-11-30', '862 Macejkovic Locks', 'Apt. 139', 'Schambergerborough', 'Colorado', 0, 'Thailand', 'bogisich.kristy@example.org', '+98(1)5225633282', '0', '2008-12-03', '1981-01-21'),
(261, '3229', 6624, 'Alexandrine', 'assumenda', 'Strosin', 'Oceane', 'female', '1980-01-01', '195 Russel Spur Apt. 444', 'Suite 625', 'Kirlinstad', 'Hawaii', 0, 'China', 'domenico.parisian@example.org', '+17(5)8056231331', '0', '1999-01-02', '2006-08-16'),
(170, '9700', 8864, 'Velva', 'eius', 'Koelpin', 'Ottilie', 'female', '2008-11-04', '57253 Theodore Loop', 'Suite 782', 'South Nedraport', 'Vermont', 0, 'Zambia', 'simonis.raphaelle@example.org', '05651356155', '0', '1973-12-25', '2017-11-29'),
(192, '5594', 8915, 'Clare', 'rem', 'Nitzsche', 'Dayana', 'male', '2004-09-24', '4406 Noah Mill Suite 906', 'Suite 026', 'Alejandrinmouth', 'Virginia', 0, 'Cameroon', 'joannie58@example.net', '1-192-469-0701', '0', '1992-02-26', '2009-10-20'),
(206, '3850', 8382, 'Otilia', 'repudiandae', 'Mills', 'Tressie', 'male', '1996-10-02', '703 Pollich Isle Suite 627', 'Apt. 265', 'East Eugenebury', 'Minnesota', 0, 'Greece', 'nader.bryana@example.net', '330.190.5577', '0', '2004-08-04', '2014-03-17'),
(224, '3206', 3542, 'Delilah', 'repellendus', 'Rolfson', 'Shyanne', 'female', '2018-04-07', '03994 Franecki Glens Apt. 048', 'Apt. 035', 'Port Eva', 'Alabama', 0, 'Rwanda', 'yolanda74@example.org', '07374025290', '0', '2015-03-26', '1984-03-17'),
(136, '5184', 2324, 'Nestor', 'quia', 'Schuppe', 'Vivienne', 'male', '1991-02-27', '0900 Goldner Roads Suite 936', 'Suite 076', 'Archville', 'Illinois', 0, 'Northern Mariana Islands', 'floy42@example.org', '863.409.0610', '0', '1971-07-29', '2004-05-23'),
(28, '947', 1895, 'Madilyn', 'reprehenderit', 'Paucek', 'Marilie', 'female', '1991-09-23', '153 Howell Walks Apt. 794', 'Apt. 920', 'New Howardville', 'Vermont', 0, 'United States of America', 'sauer.rowland@example.org', '883-526-6893x5005', '0', '1983-02-01', '1971-05-20'),
(109, '5431', 4155, 'Chelsea', 'delectus', 'Willms', 'Abbie', 'female', '2012-03-22', '298 Richard Burgs', 'Suite 510', 'Ritchiestad', 'Kansas', 0, 'United States Minor Outlying Islands', 'zoey.langworth@example.net', '684.309.4777', '0', '2006-07-01', '2005-11-10'),
(194, '3220', 3410, 'Lelia', 'dolor', 'Will', 'Shany', 'female', '1985-07-29', '070 Wisoky Stravenue', 'Suite 463', 'Lomahaven', 'RhodeIsland', 0, 'Dominica', 'kihn.thalia@example.org', '+42(6)0301748805', '0', '2010-01-17', '1994-05-16'),
(9, '1688', 7276, 'Korey', 'rerum', 'Leuschke', 'Cindy', 'female', '1985-12-21', '2571 Carson Landing Suite 180', 'Apt. 783', 'West Maudiefort', 'California', 0, 'Bangladesh', 'rwill@example.com', '160.466.3716x49539', '0', '1987-09-09', '1991-06-06'),
(269, '5781', 3918, 'Frances', 'modi', 'Schroeder', 'Florine', 'male', '2001-04-28', '33313 Myrtie Crescent', 'Suite 507', 'Hansenview', 'Arizona', 0, 'Comoros', 'lmoen@example.com', '1-470-674-1610x00211', '0', '1978-07-10', '1994-10-27'),
(5, '2932', 747, 'Mariam', 'animi', 'Cummings', 'Emie', 'female', '1991-02-07', '67287 Ruthe Prairie Apt. 724', 'Apt. 938', 'West Antoinette', 'Indiana', 0, 'Christmas Island', 'boyle.peyton@example.com', '1-447-268-4416x390', '0', '1990-12-15', '1986-10-27'),
(54, '820', 8247, 'Sabina', 'laudantium', 'Hartmann', 'Ocie', 'female', '1997-07-26', '665 Tre Rue Apt. 641', 'Suite 898', 'Ryanside', 'Louisiana', 0, 'Croatia', 'terrence.russel@example.org', '1-947-322-8325', '0', '2004-11-27', '1982-02-08'),
(220, '3399', 3607, 'Arturo', 'similique', 'Pfeffer', 'Bessie', 'female', '2021-08-16', '067 Hansen Manor', 'Suite 233', 'Port Marquis', 'Oklahoma', 0, 'Togo', 'blanca.kozey@example.com', '369-102-3574x63701', '0', '2001-05-28', '1996-11-27'),
(145, '9021', 2050, 'Hermina', 'cupiditate', 'Wilderman', 'Asha', 'female', '2004-12-10', '39587 Berge Lodge', 'Suite 852', 'West Eloise', 'NewJersey', 0, 'Ethiopia', 'raul.streich@example.com', '627-262-8938', '0', '2009-06-22', '2017-12-04'),
(207, '8769', 8832, 'Roosevelt', 'eligendi', 'Hettinger', 'Sandra', 'female', '1982-04-26', '545 Stamm Track Suite 321', 'Apt. 701', 'Roweshire', 'Indiana', 0, 'Kiribati', 'jarrett68@example.com', '834.776.8702', '0', '1972-05-05', '1972-09-05'),
(201, '5851', 913, 'Micaela', 'eligendi', 'Schuppe', 'Maribel', 'female', '2014-01-30', '005 Quigley Lodge', 'Suite 129', 'Beckerchester', 'Missouri', 0, 'South Georgia and the South Sandwich Islands', 'audie80@example.net', '834.692.3019x016', '0', '1972-12-27', '1978-07-23'),
(247, '4795', 1303, 'Braxton', 'et', 'Bogan', 'Otilia', 'male', '1999-09-21', '39074 Johns Lane', 'Apt. 549', 'New Flavio', 'Hawaii', 0, 'Australia', 'jacynthe23@example.net', '(278)505-7885x4582', '0', '1971-07-05', '1995-12-24'),
(237, '3463', 5415, 'Nasir', 'reiciendis', 'Graham', 'Valerie', 'female', '2007-01-16', '249 Catalina Highway Apt. 015', 'Apt. 498', 'Dantefurt', 'Connecticut', 0, 'French Polynesia', 'reuben98@example.com', '962-667-3981x58525', '0', '2004-02-24', '2010-02-08'),
(101, '2913', 407, 'Destinee', 'aliquid', 'Ferry', 'Edyth', 'male', '1972-05-25', '206 Wuckert Keys Suite 021', 'Apt. 808', 'Beierstad', 'NewJersey', 0, 'Seychelles', 'cleo41@example.org', '06722784987', '0', '1981-02-13', '1980-03-02'),
(236, '7210', 644, 'Vergie', 'suscipit', 'Muller', 'Madisyn', 'male', '1978-09-20', '6896 Jesus Keys Suite 773', 'Apt. 665', 'South Mabelleland', 'NewJersey', 0, 'Korea', 'princess58@example.net', '(219)829-4295x1390', '0', '1976-11-29', '1974-03-20'),
(3, '9107', 4120, 'Charley', 'excepturi', 'Abbott', 'Amely', 'male', '1995-06-08', '71088 Randy Turnpike', 'Apt. 441', 'South Reece', 'NorthDakota', 0, 'Haiti', 'keon.bailey@example.net', '326-428-5163x4644', '0', '2013-02-17', '1980-04-11'),
(167, '4106', 1007, 'Karine', 'sint', 'Wehner', 'Marge', 'female', '2014-01-05', '9622 Kayley Course', 'Suite 005', 'Borisfort', 'NorthDakota', 0, 'Bosnia and Herzegovina', 'qpaucek@example.net', '1-110-386-8477x806', '0', '2019-05-26', '2017-10-18'),
(110, '7701', 634, 'Callie', 'quia', 'Waelchi', 'Jackie', 'female', '1997-01-02', '44869 Audrey Rapid Apt. 936', 'Apt. 302', 'North Prudenceshire', 'Connecticut', 0, 'Samoa', 'fkeebler@example.org', '123.200.8139x05478', '0', '1983-06-12', '2005-04-02'),
(87, '6728', 2428, 'Demetrius', 'explicabo', 'Funk', 'Nikki', 'male', '2003-01-30', '6726 Kulas Haven Apt. 858', 'Apt. 273', 'Sawaynland', 'Wyoming', 0, 'Saint Martin', 'ricardo87@example.net', '(118)555-0396', '0', '1995-06-04', '2021-05-02'),
(235, '2817', 5464, 'Jakayla', 'est', 'Dickens', 'Zoe', 'male', '1979-08-31', '4855 Isabelle Drives Suite 196', 'Suite 884', 'Brekkemouth', 'Mississippi', 0, 'Finland', 'willow.emard@example.org', '1-958-293-6064x39325', '0', '2014-10-23', '2016-08-09'),
(78, '3922', 6641, 'Shawna', 'accusamus', 'Grady', 'Meta', 'male', '1970-08-25', '34391 Alexandro Hill Apt. 348', 'Apt. 975', 'Hermistonshire', 'WestVirginia', 0, 'Sao Tome and Principe', 'larson.jacques@example.org', '1-351-499-2786', '0', '2004-11-26', '2015-01-24'),
(35, '6777', 7114, 'Lila', 'suscipit', 'Hirthe', 'Briana', 'male', '1994-05-05', '67385 Goodwin Isle', 'Apt. 718', 'Lake Marciafort', 'District of Columbia', 0, 'Spain', 'rosalind07@example.org', '(145)400-1952', '0', '1994-04-29', '1978-08-02'),
(182, '5952', 265, 'Toy', 'placeat', 'Johnson', 'Mozelle', 'male', '2017-01-25', '0396 Madisyn Union', 'Suite 750', 'Elysemouth', 'Nevada', 0, 'Slovakia (Slovak Republic)', 'gregory.ledner@example.net', '1-004-921-3883x7620', '0', '2004-04-10', '2011-09-01'),
(257, '5135', 7894, 'Dillan', 'deserunt', 'Baumbach', 'Cecilia', 'male', '1991-01-27', '189 Fae Cliff Apt. 607', 'Suite 326', 'Janetmouth', 'Montana', 0, 'Tuvalu', 'woodrow.rowe@example.org', '(944)730-7856', '0', '2005-09-10', '1986-10-02'),
(33, '8222', 462, 'Mohammed', 'quia', 'Rogahn', 'Jazmyne', 'male', '1999-03-10', '80927 Delpha Fords', 'Suite 701', 'South Brook', 'Mississippi', 0, 'Sudan', 'roob.dessie@example.net', '(788)206-4385', '0', '1977-08-12', '2016-05-27'),
(96, '3165', 8864, 'Dedric', 'incidunt', 'Marks', 'Cordie', 'male', '1986-06-28', '3736 Alexandrea Square Apt. 718', 'Suite 199', 'Schinnershire', 'Kentucky', 0, 'Saint Kitts and Nevis', 'amir27@example.net', '797.757.9170x4687', '0', '2015-06-28', '1995-12-29'),
(129, '5730', 1414, 'Dejah', 'enim', 'Kuphal', 'Robyn', 'male', '2011-07-19', '97364 Schaden Summit Apt. 928', 'Suite 941', 'Johnstonton', 'Kansas', 0, 'Marshall Islands', 'crist.sabryna@example.org', '(705)357-3129x1049', '0', '2007-06-02', '2014-08-20'),
(93, '5973', 1371, 'Lupe', 'ratione', 'Mayert', 'Guadalupe', 'male', '1999-03-18', '40156 Hermiston Branch Apt. 676', 'Apt. 801', 'Estelleland', 'Nebraska', 0, 'El Salvador', 'xspinka@example.org', '+83(0)9837333501', '0', '2005-09-23', '1972-05-05'),
(122, '6408', 8564, 'Sylvester', 'quasi', 'Price', 'Stephany', 'male', '2020-07-19', '3980 Johnston Tunnel', 'Apt. 686', 'West Michel', 'NorthCarolina', 0, 'United Kingdom', 'harvey.abbie@example.com', '938-177-6251x79515', '0', '1982-07-16', '2006-08-15'),
(141, '1125', 1108, 'Fanny', 'ullam', 'Morar', 'Layla', 'female', '2000-09-06', '7156 Wolf Mill Suite 257', 'Apt. 908', 'Keelingview', 'SouthCarolina', 0, 'Greenland', 'chanel13@example.net', '(700)665-0266', '0', '1990-10-27', '2018-06-30'),
(97, '3194', 2768, 'Dane', 'in', 'Walker', 'Magdalena', 'male', '1979-11-04', '344 Nathaniel Inlet Apt. 428', 'Suite 677', 'Lake Monaport', 'Alabama', 0, 'Timor-Leste', 'ryder57@example.org', '1-256-556-3068', '0', '1995-02-12', '1985-05-06'),
(89, '3139', 3597, 'Rahsaan', 'ipsam', 'Bruen', 'Kathlyn', 'male', '2019-07-22', '0662 Ignatius Flat Suite 039', 'Suite 805', 'Johannaview', 'Virginia', 0, 'Nigeria', 'bmraz@example.org', '127.433.1734x75378', '0', '1994-07-09', '2004-12-22'),
(21, '9250', 3866, 'Heaven', 'assumenda', 'Hammes', 'Abby', 'male', '2008-12-24', '3277 Abshire Ford', 'Suite 919', 'Simonischester', 'Connecticut', 0, 'Somalia', 'theron.gusikowski@example.org', '062-747-1546x112', '0', '2005-01-08', '1979-12-29'),
(19, '9421', 3903, 'Lula', 'sed', 'Satterfield', 'Mae', 'male', '1986-11-27', '4153 Tyrell Summit', 'Apt. 820', 'Port Krista', 'Vermont', 0, 'French Polynesia', 'bayer.adaline@example.com', '098-935-5042x486', '0', '1985-03-26', '2011-10-18'),
(189, '4168', 6605, 'Celestino', 'reiciendis', 'Schmidt', 'Susana', 'male', '1970-10-21', '83457 Brisa Ports Suite 842', 'Suite 079', 'Candacefurt', 'Georgia', 0, 'Burkina Faso', 'assunta.larson@example.org', '1-693-218-8730x854', '0', '2008-07-11', '2015-04-23'),
(131, '5838', 3530, 'Vada', 'mollitia', 'Lakin', 'Ernestina', 'female', '1997-07-25', '3112 Evie Lodge Suite 999', 'Apt. 758', 'Zulauftown', 'Illinois', 0, 'Gibraltar', 'axel.johns@example.org', '782-331-6226', '0', '1995-07-22', '1984-12-16'),
(218, '8856', 3990, 'Erika', 'et', 'Streich', 'Adella', 'male', '1979-04-26', '081 Rodger Estate Apt. 051', 'Suite 084', 'Hintzville', 'California', 0, 'Sudan', 'morton52@example.org', '(454)159-7536', '0', '1977-08-08', '2005-10-19'),
(255, '5005', 8270, 'Kylee', 'deleniti', 'Hauck', 'Billie', 'female', '1970-08-16', '2189 Arturo Tunnel', 'Suite 088', 'Weberborough', 'Hawaii', 0, 'Andorra', 'brett.langworth@example.net', '171.205.8747x3742', '0', '2004-03-13', '1975-08-02'),
(179, '4585', 1389, 'Edwin', 'repellat', 'Mitchell', 'Rosina', 'female', '1992-09-03', '241 Malinda Junctions', 'Apt. 870', 'New Andrew', 'Utah', 0, 'Rwanda', 'uherzog@example.org', '1-959-189-0538x62182', '0', '1986-05-11', '2008-09-22'),
(79, '9854', 6160, 'Hermina', 'eaque', 'Marvin', 'Josie', 'female', '2001-12-02', '5560 Kirstin Station', 'Suite 373', 'Balistreriport', 'Minnesota', 0, 'Nepal', 'parker12@example.com', '1-806-189-8163x5519', '0', '1977-04-09', '2019-08-24'),
(230, '5105', 1551, 'Kay', 'ipsam', 'Feeney', 'Beth', 'female', '1982-03-04', '0258 Auer Cliff', 'Suite 066', 'Port Elouisefort', 'Idaho', 0, 'Yemen', 'wparker@example.org', '(886)222-1559x9956', '0', '1983-10-03', '2011-12-30'),
(245, '9397', 2044, 'Margret', 'ipsa', 'Hoeger', 'Brandyn', 'male', '1990-12-16', '0056 Runolfsdottir Rapids', 'Suite 358', 'Hammesfurt', 'Colorado', 0, 'Denmark', 'era08@example.org', '481.791.1518x221', '0', '1987-12-06', '1971-08-19'),
(95, '8418', 4010, 'Leilani', 'officia', 'Ortiz', 'Madaline', 'female', '2010-06-21', '717 Wisoky Terrace Apt. 079', 'Suite 005', 'West Lindsayshire', 'Oklahoma', 0, 'Senegal', 'jaycee.bechtelar@example.com', '524-224-1398', '0', '2005-12-29', '2001-11-05'),
(18, '6605', 6817, 'Brad', 'voluptatem', 'Roob', 'Beulah', 'male', '2021-04-29', '764 Towne Lodge Apt. 320', 'Suite 272', 'Lenorebury', 'Illinois', 0, 'Israel', 'karley89@example.org', '1-431-131-1590x58385', '0', '2001-10-27', '2012-04-02'),
(226, '3739', 9422, 'June', 'eum', 'Jacobi', 'Calista', 'male', '1991-04-29', '7030 Josh Flats Suite 311', 'Apt. 096', 'Chaimport', 'NewMexico', 0, 'Belarus', 'brooks.hammes@example.org', '06209019857', '0', '1984-12-27', '1992-01-23'),
(91, '6160', 8715, 'Rhoda', 'aliquid', 'Vandervort', 'Julia', 'male', '2005-10-14', '1868 Nolan Plaza', 'Suite 181', 'Schroederfurt', 'Michigan', 0, 'Gabon', 'melyna17@example.org', '1-254-875-0684x5691', '0', '2002-04-09', '2009-10-02'),
(111, '6832', 370, 'Tina', 'nam', 'Koelpin', 'Kayla', 'male', '1981-10-03', '158 Mertz Track Suite 938', 'Apt. 390', 'Elmoside', 'Montana', 0, 'Montserrat', 'oberbrunner.edgar@example.com', '244.965.4126x05416', '0', '1986-08-20', '1977-12-31'),
(265, '4855', 8553, 'Margaret', 'dolorem', 'Blanda', 'Cassie', 'male', '1984-09-30', '969 Lockman Centers Suite 870', 'Suite 564', 'Granthaven', 'Vermont', 0, 'Maldives', 'ebrakus@example.org', '1-566-592-1797x44657', '0', '2011-03-16', '2000-05-05'),
(198, '5718', 4414, 'Suzanne', 'et', 'Abshire', 'Jackie', 'female', '1993-08-28', '1004 Clement Street Suite 544', 'Apt. 676', 'East Waylontown', 'Missouri', 0, 'Austria', 'colton.jaskolski@example.org', '1-678-333-8841x488', '0', '1997-01-15', '2012-01-01'),
(82, '6217', 2051, 'Hosea', 'necessitatibus', 'Flatley', 'Marjolaine', 'female', '2016-05-15', '79266 Hettinger Lights Suite 556', 'Suite 465', 'South Brock', 'District of Columbia', 0, 'Liberia', 'iglover@example.org', '948-565-7505', '0', '1991-01-16', '2017-09-29'),
(150, '1823', 5419, 'Lorenzo', 'fuga', 'Vandervort', 'Tressie', 'female', '2008-11-21', '23079 Hackett Parkways Apt. 174', 'Suite 441', 'McGlynnside', 'Illinois', 0, 'Puerto Rico', 'dannie.abshire@example.net', '658-240-1049', '0', '1982-08-15', '1972-07-12'),
(92, '6435', 8565, 'Frederique', 'labore', 'Quitzon', 'Maegan', 'female', '2008-10-27', '23912 Kuhic Wells Apt. 114', 'Apt. 023', 'Gaylordmouth', 'Missouri', 0, 'Maldives', 'tkirlin@example.com', '500-735-7751x77096', '0', '1999-08-05', '1990-09-29'),
(112, '2813', 8339, 'Cleora', 'voluptas', 'Smith', 'Gertrude', 'male', '2002-05-30', '0553 Raleigh Plaza Suite 551', 'Suite 928', 'Port Kaylinmouth', 'Arkansas', 0, 'Colombia', 'gmurray@example.org', '356.680.5057', '0', '1974-03-01', '1992-07-12'),
(61, '3545', 6602, 'Araceli', 'nobis', 'Hermann', 'Audreanne', 'female', '1998-09-16', '55073 Christiansen Tunnel Suite 939', 'Apt. 731', 'Wolfport', 'Mississippi', 0, 'Tajikistan', 'prunolfsson@example.com', '1-507-540-0049', '0', '1996-04-05', '2011-10-10'),
(113, '8171', 4806, 'Adriel', 'tenetur', 'Hagenes', 'Tabitha', 'female', '2003-08-30', '46768 Kilback Square', 'Suite 627', 'Friedaberg', 'Alabama', 0, 'Slovenia', 'aglae.bayer@example.com', '1-574-991-5003', '0', '1993-10-12', '2013-12-07'),
(183, '7026', 4632, 'Stephen', 'repellendus', 'Hackett', 'Frida', 'male', '1984-01-01', '8598 Marisa Springs Suite 843', 'Suite 735', 'Wisozkfort', 'NewMexico', 0, 'Turks and Caicos Islands', 'davis.devonte@example.net', '640.882.0813', '0', '1987-04-16', '1991-12-30'),
(155, '2227', 3731, 'Alphonso', 'dolores', 'Smith', 'Loren', 'male', '1973-06-18', '685 Jacinthe Islands Apt. 846', 'Suite 388', 'West Garnett', 'Wyoming', 0, 'Fiji', 'noel37@example.net', '1-266-796-3241x2062', '0', '1998-07-09', '2005-04-12'),
(121, '9699', 772, 'Forest', 'dolorem', 'Lynch', 'Ella', 'female', '1980-11-02', '4206 Mckayla Prairie Apt. 624', 'Apt. 271', 'Toystad', 'Tennessee', 0, 'Suriname', 'lisa85@example.org', '(866)970-7549x8500', '0', '1978-07-18', '1984-01-16'),
(171, '7726', 5469, 'Clarabelle', 'non', 'Wisozk', 'Claudie', 'male', '2020-05-18', '3869 Leopold Field Apt. 177', 'Apt. 005', 'New Lane', 'WestVirginia', 0, 'Morocco', 'mschuster@example.net', '(890)125-3967x0340', '0', '1991-07-03', '1989-04-03'),
(240, '1147', 6901, 'Forest', 'consequuntur', 'Braun', 'Elena', 'male', '1986-06-11', '984 Johnson Village Suite 719', 'Suite 672', 'Rachelleville', 'Kansas', 0, 'Iceland', 'mboyle@example.com', '(108)521-5746x6949', '0', '1990-06-09', '2004-09-13'),
(22, '397', 5052, 'Armand', 'aut', 'Skiles', 'Kianna', 'female', '1989-07-18', '171 Ahmed Plains', 'Suite 882', 'Carolinebury', 'NewHampshire', 0, 'Honduras', 'ghegmann@example.com', '072.604.0723', '0', '2014-11-02', '1976-08-23'),
(119, '1520', 806, 'Holly', 'magni', 'Swaniawski', 'Emily', 'male', '2014-12-09', '3250 Hickle Parkways', 'Apt. 075', 'East Abigaleport', 'NorthDakota', 0, 'United States Virgin Islands', 'king.susie@example.org', '948.314.9353', '0', '1982-08-05', '1988-11-04'),
(127, '9417', 362, 'Howell', 'non', 'Marks', 'Mona', 'female', '2002-08-08', '31685 Medhurst Ports Apt. 528', 'Suite 247', 'Weldonshire', 'NorthCarolina', 0, 'Indonesia', 'camron46@example.org', '635.942.3975x759', '0', '2014-08-23', '2002-12-03'),
(143, '1098', 6390, 'Sienna', 'culpa', 'Schmeler', 'Stacy', 'male', '2017-08-12', '684 Mateo Vista', 'Apt. 252', 'Lake Aliceview', 'Indiana', 0, 'Tokelau', 'jakubowski.preston@example.net', '1-425-598-8304', '0', '1991-08-24', '2016-01-12'),
(161, '9480', 7862, 'Sandra', 'unde', 'Schamberger', 'Cassandra', 'female', '1984-06-22', '88876 Nader Flats', 'Apt. 321', 'South Alvah', 'Washington', 0, 'Micronesia', 'mayert.blanche@example.net', '(039)367-2037x031', '0', '1988-08-16', '2017-01-04'),
(268, '7736', 712, 'Otilia', 'voluptas', 'Strosin', 'Brenda', 'male', '2004-04-30', '23376 Haley Creek Suite 132', 'Apt. 260', 'East Reta', 'Texas', 0, 'Turkmenistan', 'haylee.schinner@example.com', '07887374486', '0', '2012-06-06', '1995-03-21'),
(266, '3079', 8000, 'Velma', 'quo', 'Kulas', 'Claudia', 'female', '2020-12-15', '54846 Jones Pike', 'Suite 735', 'Port Elvie', 'Maine', 0, 'Rwanda', 'alexa35@example.net', '294.063.6474x66844', '0', '1986-07-08', '1974-05-15'),
(139, '7004', 2372, 'Enos', 'at', 'Kiehn', 'Shemar', 'female', '2019-11-08', '8247 Oceane Camp', 'Apt. 120', 'South Sophia', 'Pennsylvania', 0, 'Malta', 'kuvalis.santos@example.org', '1-007-478-9217x1559', '0', '2012-09-16', '1984-12-05'),
(85, '2419', 5893, 'Xzavier', 'molestias', 'Prohaska', 'Alda', 'female', '1985-01-24', '78969 Stamm Circles Suite 814', 'Suite 346', 'Port Roel', 'Pennsylvania', 0, 'Bolivia', 'cornell.dubuque@example.com', '(177)734-9004', '0', '1994-01-09', '1979-07-14'),
(100, '4427', 8086, 'Horace', 'velit', 'Hayes', 'Era', 'male', '2004-04-04', '8313 Kuhn Passage', 'Suite 134', 'East Corrinefurt', 'Illinois', 0, 'Swaziland', 'alexandrine54@example.org', '828.457.3990x69928', '0', '1988-01-18', '1999-02-17'),
(264, '3200', 8993, 'Zane', 'esse', 'Larson', 'Ernestina', 'male', '1992-11-13', '109 Kuvalis Ranch Apt. 160', 'Suite 237', 'Port Yasmeen', 'Kentucky', 0, 'Belgium', 'pamela34@example.net', '+14(3)1467325730', '0', '2014-08-22', '2010-10-30'),
(105, '1691', 2188, 'Ebony', 'itaque', 'Ernser', 'Danika', 'female', '2017-05-05', '98588 Luettgen Creek', 'Suite 500', 'Ozellaville', 'Utah', 0, 'Bahamas', 'brenna.heidenreich@example.org', '601-617-8410x50956', '0', '2002-04-14', '1982-01-20'),
(73, '9265', 9775, 'Madilyn', 'eos', 'Predovic', 'Yvonne', 'female', '1970-02-26', '29887 Laurine Crossing Apt. 965', 'Suite 363', 'Goodwinchester', 'Georgia', 0, 'Myanmar', 'emory76@example.net', '751.709.7240x7888', '0', '1977-03-09', '2001-06-02'),
(244, '8962', 1506, 'Nina', 'enim', 'Yost', 'Alessia', 'female', '1981-05-19', '337 Garrick Greens Apt. 781', 'Apt. 959', 'Myrlville', 'Alabama', 0, 'Cameroon', 'noble13@example.org', '07190892912', '0', '1987-02-08', '1989-08-08'),
(81, '8142', 7189, 'Kenya', 'earum', 'Maggio', 'Una', 'male', '1974-01-22', '680 Jaren Freeway', 'Apt. 084', 'Sawaynburgh', 'Hawaii', 0, 'Macedonia', 'neoma30@example.net', '155.509.9102x63679', '0', '1988-10-18', '2010-01-18'),
(108, '6284', 1964, 'Jessy', 'earum', 'Walter', 'Sydnee', 'male', '1975-05-07', '64838 O\'Reilly Ford Apt. 599', 'Suite 963', 'Dedricport', 'Maryland', 0, 'Mozambique', 'calista.o\'conner@example.net', '433.681.5616', '0', '2003-10-03', '2022-02-05'),
(242, '9959', 1358, 'Reina', 'cupiditate', 'Christiansen', 'Eula', 'female', '1971-04-25', '0049 Laverne Harbor', 'Apt. 931', 'South Connorbury', 'District of Columbia', 0, 'Turkmenistan', 'torrance25@example.org', '04657657190', '0', '1990-09-13', '1978-07-04'),
(51, '3803', 3913, 'Mack', 'ea', 'Funk', 'Cecelia', 'female', '1980-04-06', '118 Aaliyah Terrace', 'Suite 431', 'Emmerichhaven', 'Idaho', 0, 'Sri Lanka', 'lmorissette@example.net', '514-694-8002', '0', '1987-07-18', '1977-01-30'),
(175, '4310', 3503, 'Camden', 'doloribus', 'Ortiz', 'Liza', 'male', '2008-06-06', '32763 Dane Circle', 'Apt. 393', 'West Averyshire', 'Illinois', 0, 'Vanuatu', 'anabelle26@example.com', '759.866.4482x395', '0', '1993-04-29', '1971-03-15'),
(30, '9869', 7623, 'Fanny', 'velit', 'Parker', 'Bernice', 'male', '1993-12-29', '89251 Johns Trail Apt. 255', 'Suite 082', 'Alfredostad', 'SouthDakota', 0, 'Wallis and Futuna', 'jessie09@example.net', '1-204-596-5928x344', '0', '1983-01-12', '1977-07-14'),
(153, '5736', 9339, 'Vanessa', 'laboriosam', 'Ruecker', 'Eunice', 'female', '1980-05-13', '5818 Jimmy Springs Suite 849', 'Apt. 630', 'Rippinchester', 'NewHampshire', 0, 'Italy', 'grant.javonte@example.org', '1-323-354-1036x5629', '0', '1991-05-13', '2009-11-18'),
(123, '1350', 8260, 'Vilma', 'distinctio', 'Schowalter', 'Katrine', 'female', '1990-01-09', '51396 Sasha Pine', 'Suite 779', 'South Rylan', 'RhodeIsland', 0, 'Paraguay', 'nellie52@example.com', '1-996-126-3484x78963', '0', '2010-04-21', '1986-01-05'),
(271, '7722', 5140, 'Tyson', 'velit', 'Beatty', 'Pansy', 'female', '2001-07-27', '0049 Ernesto Divide', 'Suite 798', 'East Lavinashire', 'SouthDakota', 0, 'Palau', 'paucek.janelle@example.net', '1-844-692-7876x39895', '0', '2006-11-19', '2003-11-13'),
(254, '1740', 9958, 'Chesley', 'voluptatem', 'Hilll', 'Janis', 'male', '1990-12-23', '2963 Kerluke Branch Apt. 578', 'Suite 672', 'Port Tanyashire', 'Nevada', 0, 'Austria', 'rempel.lyla@example.com', '02570103298', '0', '1971-08-28', '2000-05-07'),
(38, '340', 3503, 'Mandy', 'dolorem', 'Hirthe', 'Mabel', 'male', '2022-04-15', '8888 Kunde Hill Suite 218', 'Suite 655', 'North Demetris', 'NewYork', 0, 'Turkey', 'willms.hildegard@example.org', '1-452-405-4387', '0', '1991-05-12', '1988-08-24'),
(246, '9565', 1628, 'Johathan', 'ut', 'Erdman', 'Nedra', 'male', '2002-07-09', '087 Cole Stream Apt. 734', 'Suite 127', 'West Coralie', 'WestVirginia', 0, 'Austria', 'kelvin.morissette@example.org', '(531)668-3348', '0', '1989-08-13', '2018-04-24'),
(2, '5545', 8570, 'Lilyan', 'veritatis', 'Emmerich', 'Dulce', 'female', '1985-07-08', '626 Prudence Lodge Apt. 909', 'Suite 559', 'Schuppeshire', 'Kentucky', 0, 'Spain', 'luisa68@example.org', '114.766.5850x3727', '0', '1999-03-11', '1982-05-25'),
(196, '131', 2206, 'Jammie', 'dicta', 'Boehm', 'Litzy', 'female', '2011-03-01', '9529 Margot Mills Suite 709', 'Suite 307', 'Kohlermouth', 'Delaware', 0, 'Reunion', 'carleton.gusikowski@example.net', '673.228.3317x49217', '0', '1988-02-13', '2018-08-28'),
(15, '6992', 389, 'Sadie', 'quisquam', 'Beier', 'Orie', 'male', '1997-03-19', '560 Sauer Glen', 'Suite 786', 'Garretthaven', 'SouthDakota', 0, 'Uruguay', 'stracke.jeramy@example.com', '109.829.7571x51806', '0', '2020-01-09', '1973-06-10'),
(209, '6166', 2717, 'Dion', 'commodi', 'Skiles', 'Aimee', 'female', '2015-05-18', '8446 Savion Points Apt. 391', 'Suite 093', 'Lake Sophiaton', 'Arkansas', 0, 'Hungary', 'ocorwin@example.org', '(612)183-6562', '0', '2005-01-16', '2017-08-23'),
(157, '2846', 7374, 'Torrey', 'ut', 'Mann', 'Noelia', 'male', '2016-12-11', '884 Abernathy Lake Suite 159', 'Apt. 806', 'Sadyeport', 'Wisconsin', 0, 'Guatemala', 'dbrown@example.com', '+85(2)0471621161', '0', '1994-01-11', '1989-01-23'),
(26, '8777', 970, 'Ole', 'omnis', 'Boyer', 'Vita', 'female', '1975-09-28', '425 Lora Ferry Suite 609', 'Suite 460', 'New Camrynbury', 'Nebraska', 0, 'Central African Republic', 'bmraz@example.com', '(355)702-7066x07626', '0', '2003-10-05', '2003-02-18'),
(259, '3837', 8131, 'Stella', 'facere', 'Boyle', 'Bernita', 'female', '1977-10-19', '7704 Wuckert Burgs Suite 563', 'Apt. 757', 'Howemouth', 'Minnesota', 0, 'France', 'bruen.russ@example.org', '1-058-148-7444x299', '0', '2004-01-17', '2017-05-27'),
(57, '9047', 6099, 'Jordy', 'eius', 'Schultz', 'Kaylee', 'male', '2014-04-02', '178 Spinka Fort', 'Apt. 775', 'Port Cynthiatown', 'Alaska', 0, 'Mauritius', 'dexter14@example.com', '+44(4)7920149613', '0', '2020-05-16', '1977-10-07'),
(251, '1734', 9814, 'Joesph', 'odit', 'Legros', 'Marcelle', 'female', '1998-05-31', '9114 Orrin Neck Apt. 238', 'Suite 937', 'East Eunice', 'Louisiana', 0, 'Saint Barthelemy', 'felipa43@example.net', '(140)809-5785x81462', '0', '1970-11-16', '2010-06-27'),
(186, '9231', 6359, 'Cora', 'illo', 'Reichel', 'Madelyn', 'male', '2020-04-16', '4124 Steuber Plaza', 'Suite 641', 'Lavonneview', 'Nebraska', 0, 'Netherlands Antilles', 'clarabelle41@example.com', '160.921.0437x57101', '0', '1989-06-26', '2015-11-25'),
(147, '7766', 3791, 'Jordy', 'quis', 'Brakus', 'Elna', 'male', '1974-11-08', '63948 Tremblay Summit Apt. 269', 'Apt. 161', 'Moenborough', 'Maine', 0, 'Anguilla', 'aniya.schaden@example.com', '623.993.2547x46450', '0', '2019-08-27', '1987-09-01'),
(106, '7587', 2517, 'Eileen', 'quaerat', 'Bogan', 'Rosalia', 'female', '1972-06-15', '4312 Addison Ridge', 'Apt. 101', 'Lyricchester', 'NewJersey', 0, 'Papua New Guinea', 'declan.robel@example.org', '010-215-2577x55004', '0', '1995-08-27', '2021-11-15'),
(84, '8249', 4848, 'Kane', 'quia', 'Bernier', 'Nikki', 'male', '1974-07-15', '4665 Carroll Mountains', 'Apt. 344', 'Magnuschester', 'Delaware', 0, 'British Indian Ocean Territory (Chagos Archipelago)', 'monica.schimmel@example.net', '1-941-834-2512x3059', '0', '1986-01-12', '1972-03-12'),
(99, '2120', 5960, 'Kennedy', 'enim', 'Ledner', 'Iva', 'male', '1994-02-14', '70969 Effie Walk Suite 301', 'Apt. 182', 'East Sabrinaburgh', 'Maryland', 0, 'Lebanon', 'emmet77@example.com', '1-666-474-0404', '0', '2003-01-14', '2013-05-27'),
(138, '5260', 6288, 'Aileen', 'facere', 'Franecki', 'Melisa', 'female', '1982-03-21', '00456 Bosco Manor Apt. 041', 'Apt. 968', 'South Kariane', 'Kansas', 0, 'Central African Republic', 'gutmann.garrick@example.org', '(807)104-5097', '0', '2011-12-12', '1971-08-20'),
(214, '2146', 610, 'Rickie', 'eius', 'Cronin', 'Syble', 'male', '1987-04-11', '97687 Daugherty Fork', 'Apt. 080', 'Marjoriechester', 'SouthCarolina', 0, 'Montenegro', 'waters.cheyanne@example.org', '(475)310-0216', '0', '1973-12-09', '1990-05-06'),
(219, '8738', 4940, 'Rex', 'nemo', 'Glover', 'Lia', 'female', '2003-10-29', '90188 Vandervort Greens', 'Apt. 672', 'Lake Darronmouth', 'Nebraska', 0, 'Micronesia', 'bartell.electa@example.com', '04976916666', '0', '1978-10-31', '2014-02-16'),
(44, '2723', 676, 'Makenzie', 'delectus', 'Mayert', 'Ethyl', 'male', '1994-06-30', '243 Watsica Corners', 'Suite 578', 'Kuhicburgh', 'SouthDakota', 0, 'United States of America', 'torp.brett@example.org', '062.942.3010x648', '0', '1975-11-30', '1998-12-24'),
(75, '9504', 3208, 'Elsa', 'et', 'Kilback', 'Juana', 'female', '2000-11-16', '4825 Alphonso Bridge', 'Apt. 466', 'Wittingbury', 'Alaska', 0, 'Aruba', 'aveum@example.com', '711.984.3476x69551', '0', '2003-10-22', '1984-05-31'),
(11, '8334', 2392, 'Else', 'cumque', 'Nitzsche', 'Alejandra', 'female', '2017-12-10', '486 Wendy Roads Suite 602', 'Suite 760', 'West Demarcus', 'SouthCarolina', 0, 'Iceland', 'santiago05@example.com', '08287445983', '0', '1975-06-26', '1993-10-15'),
(164, '5117', 5340, 'Mohammad', 'non', 'Grimes', 'Maymie', 'male', '1981-11-03', '74575 Jerde Pass', 'Suite 304', 'Lexibury', 'California', 0, 'Monaco', 'vmcclure@example.com', '03296073200', '0', '1977-07-23', '1974-03-24'),
(32, '5793', 1839, 'Dariana', 'quia', 'Reichel', 'Selena', 'female', '1988-06-17', '9248 Cole Camp', 'Suite 215', 'Lake Dexterton', 'Minnesota', 0, 'Iraq', 'ywintheiser@example.com', '324-185-0958x67790', '0', '1970-02-05', '2001-01-02'),
(213, '8227', 814, 'Elizabeth', 'quisquam', 'Kuhlman', 'Georgette', 'male', '1997-03-11', '578 O\'Connell Square', 'Apt. 399', 'Noemymouth', 'Alabama', 0, 'Turks and Caicos Islands', 'jeanne90@example.com', '1-199-908-5987x990', '0', '1997-11-01', '2005-01-09'),
(58, '1601', 5854, 'Grady', 'facere', 'Collier', 'Carolina', 'female', '2005-06-23', '1739 Roger Prairie', 'Apt. 600', 'Gaylordhaven', 'Maryland', 0, 'Reunion', 'taurean06@example.com', '300-991-9677x83023', '0', '2002-03-22', '2016-04-28'),
(190, '1145', 8144, 'Jodie', 'dolore', 'Daniel', 'Marie', 'female', '2007-05-24', '789 Corwin Spur Apt. 959', 'Apt. 581', 'Lake Providenciville', 'NewMexico', 0, 'Samoa', 'kiarra.o\'conner@example.net', '05536826609', '0', '1989-04-21', '1971-10-05'),
(216, '2149', 5856, 'Demarco', 'unde', 'Champlin', 'Juana', 'male', '2001-07-17', '06627 Ibrahim Coves Suite 560', 'Suite 951', 'Denesikfort', 'Indiana', 0, 'Sao Tome and Principe', 'cormier.domenico@example.net', '(245)840-9290', '0', '2021-05-15', '1970-06-10'),
(25, '6482', 1247, 'Brant', 'enim', 'Kemmer', 'Yasmeen', 'male', '2022-03-29', '57694 Meta Courts Apt. 838', 'Suite 243', 'Port Leora', 'NewYork', 0, 'Ukraine', 'amos67@example.com', '+82(8)2261113513', '0', '1982-04-18', '1972-08-05'),
(114, '9279', 8744, 'Jacques', 'rerum', 'Dach', 'Joanne', 'female', '2010-11-16', '385 Fritsch Terrace', 'Apt. 536', 'Pedrotown', 'Georgia', 0, 'Jamaica', 'jaycee.quitzon@example.com', '(665)039-7947', '0', '1976-11-28', '2013-03-20'),
(168, '4995', 7803, 'Nella', 'ducimus', 'Pollich', 'Josefa', 'female', '2012-08-02', '76637 Kunze Road', 'Suite 980', 'Terryborough', 'Indiana', 0, 'Dominican Republic', 'cassin.billy@example.net', '841.181.9707x078', '0', '1987-10-27', '2016-08-04'),
(37, '6062', 6500, 'Maye', 'accusamus', 'Douglas', 'Addison', 'male', '1996-10-23', '6905 Valentina Greens', 'Suite 870', 'Huelsport', 'Maryland', 0, 'Jamaica', 'jordyn69@example.org', '049-015-2255x45635', '0', '1996-01-18', '2010-01-19'),
(59, '8545', 5343, 'Callie', 'praesentium', 'Zboncak', 'Twila', 'female', '2006-12-16', '0041 Hessel Junction Apt. 071', 'Suite 014', 'West Cruz', 'Idaho', 0, 'Saint Kitts and Nevis', 'boyer.eric@example.com', '(190)420-5508x764', '0', '2011-06-19', '1998-05-15'),
(210, '2728', 8215, 'Flossie', 'sapiente', 'Harber', 'Lydia', 'male', '1980-02-23', '14025 Becker Spring Suite 696', 'Apt. 982', 'Port Danial', 'Georgia', 0, 'British Virgin Islands', 'kaitlyn52@example.com', '(706)306-2820x905', '0', '2008-01-15', '1986-10-23'),
(103, '9206', 1788, 'Julianne', 'quia', 'Barton', 'Stella', 'male', '2010-07-07', '5416 Lelah Circles Apt. 444', 'Suite 838', 'Schuppemouth', 'Ohio', 0, 'Eritrea', 'dayne.weimann@example.com', '511.291.2515', '0', '2012-09-06', '1972-07-24'),
(205, '2713', 9845, 'Alvina', 'suscipit', 'Gutkowski', 'Thelma', 'male', '1995-05-04', '4619 Karianne Ville Suite 657', 'Apt. 238', 'Port Treyland', 'NewMexico', 0, 'Morocco', 'emmanuelle.purdy@example.com', '(960)632-7833', '0', '1989-02-06', '2002-03-01'),
(6, '1396', 913, 'Maud', 'quia', 'Mills', 'Eula', 'male', '1990-08-20', '5301 Krystel Hill Suite 289', 'Apt. 829', 'Herminiafurt', 'District of Columbia', 0, 'Pakistan', 'collin.ruecker@example.net', '+74(4)6980650011', '0', '1986-10-03', '1973-07-14'),
(140, '580', 9142, 'Lera', 'mollitia', 'O\'Hara', 'Eula', 'male', '1973-05-15', '834 Smith Spring Apt. 215', 'Suite 797', 'North Estrella', 'Montana', 0, 'British Indian Ocean Territory (Chagos Archipelago)', 'haylie64@example.net', '1-858-244-6098', '0', '1999-09-30', '2011-10-22'),
(102, '8346', 5137, 'Anita', 'reprehenderit', 'Hudson', 'Blanca', 'male', '2004-02-24', '597 Jast Bridge Apt. 317', 'Suite 989', 'South Elmoview', 'California', 0, 'Saint Kitts and Nevis', 'bahringer.wilson@example.org', '1-772-521-7996x58122', '0', '1996-10-09', '1984-09-20'),
(260, '5638', 1312, 'Rita', 'accusantium', 'Eichmann', 'Janice', 'male', '2019-01-06', '83970 Roberto Rapid', 'Suite 555', 'Lindchester', 'Indiana', 0, 'Svalbard & Jan Mayen Islands', 'donald.parisian@example.net', '(274)075-5888x24045', '0', '2013-04-04', '1983-08-16'),
(151, '1504', 4298, 'Domenico', 'explicabo', 'Stokes', 'Cheyanne', 'female', '2021-03-07', '690 Scot Plaza Suite 891', 'Suite 453', 'Lake Whitneyland', 'Idaho', 0, 'Isle of Man', 'myrtle68@example.com', '08578999590', '0', '1972-10-24', '2000-03-11'),
(128, '6976', 6590, 'Cruz', 'officiis', 'Reinger', 'Marion', 'male', '2013-07-11', '769 Chloe Lights Apt. 113', 'Apt. 869', 'Port Rubye', 'Tennessee', 0, 'Turkey', 'nboehm@example.com', '04382376653', '0', '1980-10-18', '1983-11-26'),
(156, '1908', 2992, 'Rebeka', 'nam', 'Littel', 'Kari', 'male', '2002-11-27', '27183 Hahn Island Apt. 613', 'Apt. 908', 'West Lawrence', 'Nevada', 0, 'Luxembourg', 'owyman@example.org', '1-221-338-5263x12887', '0', '1972-09-28', '1997-01-09'),
(80, '2131', 6704, 'May', 'error', 'Price', 'Mia', 'male', '1982-04-13', '35743 Collins Extensions Apt. 193', 'Suite 547', 'New Diegomouth', 'Indiana', 0, 'New Caledonia', 'karianne26@example.org', '+25(4)9663686067', '0', '2002-05-11', '1993-02-01'),
(133, '8766', 4246, 'Joel', 'tempora', 'Jacobs', 'Teagan', 'female', '2009-04-26', '9702 Aufderhar Park', 'Apt. 267', 'Mullertown', 'NewHampshire', 0, 'Angola', 'gcartwright@example.com', '704-665-3063x2731', '0', '1993-10-27', '1983-12-02'),
(232, '5129', 3801, 'Rhoda', 'aperiam', 'Jakubowski', 'Teagan', 'male', '2011-09-29', '32980 Brenna Rapid', 'Apt. 135', 'Starkburgh', 'Maryland', 0, 'Cameroon', 'akunde@example.com', '(567)792-5833x3266', '0', '2008-07-05', '1994-04-09'),
(229, '8297', 2815, 'Lillie', 'sed', 'Veum', 'Cheyenne', 'male', '1987-10-18', '416 Logan Lock', 'Apt. 408', 'Baileyhaven', 'NewJersey', 0, 'Slovakia (Slovak Republic)', 'walker81@example.org', '924.987.1843', '0', '2018-09-28', '2012-05-28'),
(98, '6973', 5293, 'Trever', 'qui', 'Legros', 'America', 'male', '2004-07-18', '1518 Lulu Neck Suite 825', 'Suite 563', 'West Tremaineberg', 'Illinois', 0, 'Papua New Guinea', 'thiel.bailee@example.com', '+38(9)4420896438', '0', '2006-11-28', '2002-05-14'),
(12, '5106', 7606, 'Garrison', 'quod', 'Farrell', 'Anais', 'female', '1999-10-19', '5633 Rowe Stream', 'Suite 135', 'Reganside', 'Oregon', 0, 'Reunion', 'ischoen@example.org', '1-846-098-7050x8268', '0', '2014-03-06', '2001-10-28'),
(234, '179', 8738, 'Taurean', 'hic', 'Jaskolski', 'Amanda', 'female', '2005-08-13', '50958 Pamela Stravenue', 'Suite 892', 'Wilburntown', 'Indiana', 0, 'Honduras', 'johnson.lavada@example.net', '(102)532-7306x66184', '0', '1981-12-12', '1976-01-15'),
(263, '431', 6974, 'Kendra', 'doloremque', 'Renner', 'Ima', 'male', '2005-12-31', '983 Carlie Extension', 'Apt. 107', 'Verdieberg', 'Louisiana', 0, 'Aruba', 'hamill.adolfo@example.com', '746-369-3870', '0', '2014-05-08', '1973-04-28'),
(238, '7928', 6683, 'Asia', 'voluptas', 'Crooks', 'Magdalen', 'female', '2016-06-11', '03193 Boyd Brooks Suite 572', 'Apt. 188', 'Heathcoteshire', 'Missouri', 0, 'Finland', 'amari.connelly@example.net', '02277443347', '0', '1995-02-28', '1998-11-09'),
(228, '6498', 8184, 'Rodolfo', 'amet', 'Ruecker', 'Marisol', 'female', '1971-04-08', '789 Schoen Mission Apt. 171', 'Suite 491', 'Lake Emelyside', 'Georgia', 0, 'Namibia', 'fred10@example.com', '+33(1)6280609200', '0', '1988-06-30', '2001-08-16'),
(68, '2951', 2322, 'Rogers', 'aliquid', 'Kemmer', 'Anais', 'male', '2020-10-14', '52359 Adriana Crescent Apt. 213', 'Apt. 064', 'Amiraberg', 'Pennsylvania', 0, 'American Samoa', 'yo\'keefe@example.net', '611-345-8714x88628', '0', '2004-10-27', '1982-08-17'),
(163, '5763', 5510, 'Itzel', 'sunt', 'Toy', 'Wendy', 'female', '2007-07-06', '477 Mose Coves', 'Suite 717', 'Jamesonfurt', 'Connecticut', 0, 'Suriname', 'merlin67@example.org', '(307)055-8159x8688', '0', '1987-12-05', '2008-07-28'),
(142, '6033', 9362, 'Jadon', 'dicta', 'Williamson', 'Valentine', 'male', '1978-12-05', '3593 Alanna Hill', 'Apt. 503', 'Schadenmouth', 'Mississippi', 0, 'Ghana', 'emmerich.cheyenne@example.net', '735.844.0529', '0', '1981-04-02', '1989-12-07'),
(146, '524', 1561, 'Ofelia', 'omnis', 'Grimes', 'Emelia', 'female', '2005-11-05', '615 Hermiston Branch', 'Apt. 494', 'Coltmouth', 'Wyoming', 0, 'Hong Kong', 'vanessa33@example.org', '1-109-451-0245', '0', '1979-06-03', '2005-03-17'),
(152, '5541', 427, 'Chloe', 'soluta', 'Witting', 'Lia', 'male', '2009-12-07', '362 Reichert Villages Suite 315', 'Apt. 850', 'Lucianoshire', 'RhodeIsland', 0, 'Kazakhstan', 'pvon@example.net', '1-714-086-6727', '0', '2006-09-25', '2011-10-25'),
(120, '3687', 3255, 'Elise', 'sint', 'Nicolas', 'Juliet', 'male', '1980-01-26', '2287 Reed Turnpike Suite 086', 'Apt. 121', 'New Deronville', 'Illinois', 0, 'Pitcairn Islands', 'kuhn.murphy@example.com', '1-338-844-4567', '0', '2008-03-18', '2011-12-22'),
(126, '2443', 4671, 'Sammie', 'et', 'Lueilwitz', 'Liliana', 'female', '1997-06-06', '4466 Gorczany Pines', 'Suite 366', 'West Felipaville', 'Kentucky', 0, 'Brazil', 'damion39@example.com', '958.444.4413', '0', '1986-08-08', '2009-02-23'),
(64, '7502', 2445, 'Electa', 'rem', 'Bailey', 'Elody', 'male', '2002-12-26', '29673 Larkin Prairie Apt. 383', 'Suite 681', 'Lake Hudson', 'Idaho', 0, 'Antigua and Barbuda', 'herman.annabel@example.net', '897-860-7726', '0', '1974-10-16', '2018-07-01'),
(270, '4820', 7528, 'Layne', 'sed', 'Stamm', 'Christelle', 'male', '1998-03-03', '1387 Lockman Lodge Suite 225', 'Apt. 124', 'Axelton', 'Florida', 0, 'Armenia', 'bradford65@example.org', '452.029.4820', '0', '2015-08-30', '1983-02-23'),
(4, '296', 3273, 'Corbin', 'harum', 'Blick', 'Chanelle', 'male', '1979-03-31', '58239 Ludwig Place', 'Suite 283', 'Botsfordville', 'Alabama', 0, 'Mauritius', 'savannah92@example.com', '530.630.7389', '0', '1976-12-08', '1985-11-07'),
(34, '311', 7251, 'Donnell', 'ut', 'Roob', 'Sarah', 'male', '2013-07-21', '91320 Turcotte Vista', 'Suite 330', 'East Eusebio', 'Washington', 0, 'Qatar', 'vbarton@example.net', '723.193.4037', '0', '2017-07-01', '1994-06-06'),
(16, '5632', 9307, 'Herminia', 'sed', 'Shields', 'Eulalia', 'male', '1985-09-04', '9953 Padberg Glen Apt. 889', 'Apt. 975', 'South Amaliaville', 'Maine', 0, 'South Africa', 'gaylord.noble@example.net', '1-420-806-8176x0887', '0', '2012-12-18', '1994-01-02'),
(154, '6045', 7668, 'Hillard', 'aut', 'Wunsch', 'Zora', 'male', '1988-05-13', '605 Eldora Pine Suite 990', 'Suite 776', 'Lake Madonnaburgh', 'Wisconsin', 0, 'Austria', 'kshlerin.nikolas@example.net', '262-358-8955x2825', '0', '1994-11-20', '2015-07-16'),
(115, '7054', 3467, 'Holden', 'fuga', 'Klocko', 'Georgianna', 'female', '1976-07-12', '943 Herman Gardens Suite 558', 'Suite 498', 'Lake Darrellville', 'Maryland', 0, 'New Zealand', 'ckozey@example.net', '(690)698-2953', '0', '1971-08-06', '2006-08-21'),
(13, '4044', 7258, 'Shirley', 'porro', 'Beer', 'Juliet', 'male', '2006-06-19', '4811 Estefania Throughway', 'Apt. 768', 'Marcellaside', 'RhodeIsland', 0, 'United States of America', 'althea10@example.net', '(859)719-6797x9632', '0', '2008-10-30', '2005-10-25'),
(29, '4237', 8837, 'Regan', 'mollitia', 'Mertz', 'Carolina', 'male', '1983-10-07', '2064 Rod Drive', 'Apt. 204', 'Leoneberg', 'Mississippi', 0, 'Chile', 'estrella57@example.org', '496-493-6993x453', '0', '2013-01-29', '1996-05-19'),
(24, '8453', 3472, 'Elinore', 'fugit', 'Dooley', 'Candace', 'male', '1971-07-29', '4500 Welch Locks Apt. 141', 'Suite 571', 'Quintenstad', 'NewJersey', 0, 'Antigua and Barbuda', 'taryn05@example.org', '1-110-245-4409x02815', '0', '1995-06-16', '1989-08-16'),
(227, '9978', 9403, 'Ines', 'itaque', 'Cormier', 'Ivy', 'male', '1996-05-21', '02756 Gunnar Freeway Apt. 014', 'Apt. 778', 'Spencermouth', 'NewJersey', 0, 'Liberia', 'ayana88@example.org', '(848)820-7313', '0', '2004-04-27', '1973-06-14'),
(211, '2209', 5475, 'Bianka', 'molestiae', 'Graham', 'Dora', 'male', '1980-07-27', '27127 Blanca Garden Suite 853', 'Suite 928', 'Leoniechester', 'District of Columbia', 0, 'San Marino', 'mernser@example.org', '(159)447-1858x640', '0', '1997-08-26', '1995-12-06'),
(169, '2965', 4640, 'Colt', 'repellendus', 'Tremblay', 'Maddison', 'female', '2000-10-20', '46169 Effertz Estate Apt. 051', 'Suite 350', 'North Kaelaburgh', 'Utah', 0, 'Morocco', 'barney.sauer@example.org', '703-891-5700x04694', '0', '2016-06-04', '1983-07-26'),
(223, '8966', 5251, 'Destini', 'sit', 'Dicki', 'Jayda', 'female', '2015-02-02', '4081 Paxton Squares', 'Apt. 388', 'Maciport', 'Minnesota', 0, 'Iraq', 'ruthie05@example.net', '04214139165', '0', '2009-07-15', '2021-07-16'),
(130, '3012', 7365, 'Laney', 'perspiciatis', 'Muller', 'Ashlynn', 'female', '1987-03-30', '03131 Beer Stravenue', 'Apt. 299', 'East Louisa', 'NewJersey', 0, 'New Zealand', 'kertzmann.zackery@example.org', '07561536158', '0', '1999-05-10', '2005-01-17'),
(199, '1925', 9960, 'Ressie', 'et', 'Schiller', 'Katlynn', 'male', '1987-03-29', '1856 Ibrahim Terrace Suite 574', 'Suite 989', 'Breannaland', 'Arkansas', 0, 'Dominica', 'chaim04@example.org', '(865)725-1419', '0', '1972-08-17', '1983-03-28');
INSERT INTO `user_details` (`_user_id`, `pan_number`, `adhar_number`, `first_name`, `middle_name`, `last_name`, `father_name`, `gender`, `birthdate`, `street`, `area`, `city`, `state`, `postal_code`, `country`, `email`, `mobile`, `is_deleted`, `created_at`, `modified_at`) VALUES
(197, '6376', 2276, 'Lorine', 'eius', 'Herman', 'Kylie', 'female', '1978-09-16', '12734 Huel Brooks Apt. 295', 'Apt. 533', 'East Mayborough', 'NorthDakota', 0, 'Cayman Islands', 'laron46@example.org', '865-243-3204', '0', '1997-12-26', '2002-09-06'),
(195, '4568', 8601, 'Kip', 'similique', 'Mraz', 'Bailee', 'female', '1995-08-07', '60927 Wyman Lights Apt. 081', 'Apt. 814', 'Port Jessycaville', 'Missouri', 0, 'Isle of Man', 'lysanne.gorczany@example.org', '(242)869-1195x62419', '0', '1998-01-05', '2019-05-16'),
(204, '4521', 8833, 'Tomasa', 'aut', 'Heathcote', 'Alanis', 'female', '2005-12-26', '579 Arnoldo Meadows', 'Apt. 595', 'Kevonburgh', 'NewMexico', 0, 'Indonesia', 'angus84@example.net', '375-368-6379x01906', '0', '2014-08-11', '1970-09-04'),
(148, '1210', 5786, 'Cassandra', 'et', 'Schultz', 'Dessie', 'male', '1973-10-18', '7549 Gislason Burgs Apt. 656', 'Apt. 854', 'Lindgrenhaven', 'Arkansas', 0, 'Tajikistan', 'emie.mills@example.net', '394-110-9061x8545', '0', '2010-02-28', '1985-12-04'),
(42, '3888', 2499, 'Quinten', 'doloribus', 'Glover', 'Pat', 'female', '2010-09-20', '824 Ortiz Rue Apt. 980', 'Suite 409', 'Keyonside', 'Maine', 0, 'Norfolk Island', 'keaton65@example.com', '547-453-1969x61386', '0', '1997-04-27', '2013-04-12'),
(258, '8572', 7550, 'Jennifer', 'deleniti', 'Walter', 'Lulu', 'female', '2002-03-04', '837 Anthony Spurs', 'Apt. 729', 'Rueckermouth', 'Maryland', 0, 'Tanzania', 'giovanna.von@example.org', '922-562-6095x02829', '0', '1975-04-27', '2018-10-12'),
(212, '2469', 9641, 'Kianna', 'laboriosam', 'McGlynn', 'Angeline', 'female', '2011-04-12', '2471 Constance Crossing Suite 778', 'Suite 719', 'Mohrhaven', 'Kansas', 0, 'Bolivia', 'dparker@example.net', '(305)233-5346x42023', '0', '1992-03-09', '1985-04-19'),
(159, '6234', 2928, 'Frieda', 'necessitatibus', 'Gerlach', 'Kaela', 'male', '1982-07-05', '190 Wendy Gateway', 'Suite 688', 'Gerardoview', 'Florida', 0, 'Benin', 'xtorphy@example.org', '1-342-531-4983x5380', '0', '1972-01-12', '2011-03-28'),
(116, '8157', 6814, 'Tyson', 'ut', 'Pouros', 'Kayla', 'female', '2003-10-18', '3308 Veum Hollow Apt. 898', 'Apt. 173', 'New Bert', 'Mississippi', 0, 'Somalia', 'keshaun.cormier@example.org', '1-301-098-0618', '0', '2010-11-10', '1981-03-27'),
(221, '1357', 9731, 'Laron', 'enim', 'Beer', 'Clemmie', 'male', '1981-09-21', '6354 Dulce Mews Apt. 931', 'Apt. 430', 'Carleefurt', 'Indiana', 0, 'Bangladesh', 'pfeffer.alda@example.com', '1-698-751-6380x83863', '0', '1977-07-05', '1994-04-13'),
(162, '9533', 1207, 'Terrill', 'non', 'Swaniawski', 'Daniela', 'male', '1993-01-09', '040 Vena Forest', 'Suite 465', 'Walshtown', 'Ohio', 0, 'Slovakia (Slovak Republic)', 'murl42@example.org', '(979)075-1020', '0', '1995-10-04', '1971-05-12'),
(262, '1283', 7298, 'Johathan', 'qui', 'Volkman', 'Lucile', 'male', '1999-03-05', '5043 Lindgren Mountains Apt. 342', 'Suite 916', 'West Brandynhaven', 'Tennessee', 0, 'Brunei Darussalam', 'ahagenes@example.org', '(415)660-9790x31502', '0', '1983-11-01', '1970-02-17'),
(76, '8607', 2431, 'Pink', 'voluptatem', 'O\'Connell', 'Nova', 'male', '1975-05-11', '311 Schaefer Brooks Suite 429', 'Suite 537', 'Schummmouth', 'Washington', 0, 'Niger', 'stark.elian@example.com', '1-734-144-7645x5785', '0', '1995-03-08', '1994-08-30'),
(31, '9517', 1788, 'Krystina', 'dignissimos', 'Botsford', 'Nya', 'female', '1993-11-25', '0765 Towne Plain Apt. 264', 'Suite 031', 'Wuckertfurt', 'Texas', 0, 'Mauritania', 'renee05@example.net', '1-966-265-1406x57020', '0', '1990-12-25', '1981-12-20'),
(10, '4044', 3151, 'Alanna', 'sed', 'Schroeder', 'Betsy', 'male', '2021-01-02', '929 Carter Neck Suite 458', 'Apt. 025', 'North Kyla', 'Nevada', 0, 'Georgia', 'rohan.joanne@example.org', '(434)039-0119x291', '0', '2019-11-01', '1977-06-20'),
(71, '7309', 5122, 'Reynold', 'suscipit', 'Wunsch', 'Kenya', 'male', '1985-07-07', '0903 Richard Shoal Suite 402', 'Suite 224', 'Bogisichview', 'Kansas', 0, 'Reunion', 'lauryn.conroy@example.com', '510-514-7396x7560', '0', '2004-03-13', '2004-09-11'),
(165, '4554', 9397, 'Annetta', 'aut', 'O\'Connell', 'Tierra', 'male', '1983-04-29', '11074 Edwin River Apt. 963', 'Apt. 017', 'Port Rogers', 'RhodeIsland', 0, 'Maldives', 'rbaumbach@example.com', '1-536-587-8449', '0', '1990-11-01', '1987-05-03'),
(180, '812', 3732, 'Zita', 'blanditiis', 'O\'Kon', 'Jadyn', 'male', '1970-10-15', '5994 Hudson Island Suite 871', 'Apt. 602', 'Zionside', 'Illinois', 0, 'Wallis and Futuna', 'dkris@example.net', '01566654133', '0', '1973-06-15', '2000-01-21'),
(185, '8658', 5330, 'Madelynn', 'quis', 'Goyette', 'Wilhelmine', 'female', '2018-03-22', '068 Arely Center Suite 599', 'Apt. 480', 'New Jonathon', 'RhodeIsland', 0, 'Trinidad and Tobago', 'heaney.kay@example.net', '663-292-8018', '0', '1990-11-22', '1975-12-24'),
(243, '6294', 9227, 'Cordell', 'dolorum', 'Lakin', 'Araceli', 'female', '1997-04-11', '96662 Nikita Fort Suite 170', 'Apt. 687', 'Perryton', 'Tennessee', 0, 'Georgia', 'nina37@example.net', '1-984-567-7030x738', '0', '1996-09-27', '2003-12-13'),
(158, '3271', 2050, 'Macy', 'eos', 'Morissette', 'Violet', 'female', '1983-01-25', '04013 Isabell Summit', 'Suite 543', 'New Murphyport', 'NewYork', 0, 'Colombia', 'madisen.mohr@example.com', '(886)757-1889x7502', '0', '1994-01-30', '1975-07-15'),
(252, '3798', 7663, 'Sherwood', 'ab', 'Zemlak', 'Edyth', 'male', '1981-12-01', '673 Zieme Rue Suite 196', 'Suite 778', 'South Annetta', 'Hawaii', 0, 'Falkland Islands (Malvinas)', 'bergstrom.arlie@example.com', '(461)844-6699x28892', '0', '2013-04-24', '2010-08-22'),
(135, '2717', 8339, 'Willy', 'quae', 'Mitchell', 'Jennifer', 'male', '2001-02-27', '6067 Eldred Ramp', 'Suite 317', 'Waelchiberg', 'Montana', 0, 'Romania', 'xkirlin@example.com', '384-801-4442', '0', '2009-07-07', '1990-09-07'),
(40, '6096', 4367, 'Sylvan', 'odit', 'Roberts', 'Gilda', 'female', '2001-02-03', '9433 Roberts Well Suite 432', 'Suite 903', 'Mohrhaven', 'NorthDakota', 0, 'Senegal', 'anita.spencer@example.org', '(970)360-0583', '0', '2009-07-31', '2020-12-22'),
(181, '2033', 7691, 'Verlie', 'enim', 'Pouros', 'Amely', 'female', '2010-10-03', '62588 Hirthe Loaf', 'Suite 515', 'Port Immanuel', 'SouthDakota', 0, 'Liechtenstein', 'feest.orin@example.com', '773.123.7055', '0', '1984-10-21', '1990-07-06'),
(208, '9930', 9143, 'Makayla', 'est', 'Murphy', 'Marjorie', 'male', '1985-08-21', '582 Glover Gardens Suite 398', 'Apt. 331', 'Lake Rogelioton', 'Missouri', 0, 'Angola', 'delphine40@example.net', '884.503.5727x7082', '0', '1996-03-08', '2017-05-12'),
(41, '2158', 8891, 'Kassandra', 'et', 'Marks', 'Kelsie', 'female', '1982-04-30', '5711 Bayer Islands Apt. 836', 'Suite 494', 'Kuhntown', 'Ohio', 0, 'Liberia', 'cwitting@example.com', '251.945.5890x159', '0', '2008-07-05', '1996-05-30'),
(137, '338', 3823, 'Trever', 'cum', 'Zieme', 'Julianne', 'male', '1971-11-11', '897 Dejuan Islands Apt. 636', 'Suite 360', 'New Tamara', 'Massachusetts', 0, 'Grenada', 'sipes.paris@example.com', '059.418.9010x938', '0', '2020-03-31', '1999-06-22'),
(166, '8600', 5153, 'Mohammad', 'non', 'Stoltenberg', 'Aisha', 'female', '1983-02-11', '6457 Dooley Crossing', 'Suite 789', 'Stehrburgh', 'Michigan', 0, 'Egypt', 'eluettgen@example.net', '830-494-8542x9947', '0', '2018-10-11', '1986-01-22'),
(90, '8156', 5614, 'Cicero', 'asperiores', 'Lubowitz', 'Celia', 'male', '1982-04-30', '85673 Mohamed Court Suite 520', 'Apt. 668', 'South Victoriabury', 'Nebraska', 0, 'Kiribati', 'frami.fannie@example.net', '(340)149-3750x8035', '0', '2016-11-09', '1991-03-28'),
(118, '6890', 6203, 'Margret', 'voluptas', 'Kirlin', 'Evie', 'male', '1993-01-17', '531 Adams Shoals Apt. 623', 'Apt. 151', 'Port Heaven', 'Connecticut', 0, 'Eritrea', 'trenton.wolff@example.net', '05478535074', '0', '1975-06-09', '1993-12-18'),
(74, '8668', 8509, 'Cynthia', 'provident', 'Farrell', 'Laurine', 'male', '2019-12-14', '486 Onie Mill', 'Apt. 275', 'Tanyaton', 'Alabama', 0, 'Slovakia (Slovak Republic)', 'hyatt.francis@example.net', '+11(8)5617241236', '0', '2014-07-12', '1988-09-17'),
(8, '8547', 6228, 'Domingo', 'laudantium', 'Lehner', 'Laila', 'female', '2007-04-04', '7506 Timmy Crescent Apt. 169', 'Apt. 248', 'Sophiemouth', 'RhodeIsland', 0, 'Armenia', 'jermey18@example.net', '1-050-208-7308x239', '0', '1985-02-12', '2007-06-26'),
(69, '635', 4324, 'Webster', 'in', 'Jacobs', 'Cortney', 'female', '2007-09-10', '2470 Morton Cliff', 'Suite 707', 'West Emilioport', 'Oregon', 0, 'Nigeria', 'payton.kuphal@example.com', '826.417.4046', '0', '2005-09-18', '1986-09-11'),
(173, '2913', 5883, 'Loren', 'consectetur', 'Steuber', 'Crystal', 'male', '1980-03-13', '0461 Cremin Stream', 'Apt. 943', 'Port Jackie', 'RhodeIsland', 0, 'Martinique', 'tianna09@example.org', '08928844158', '0', '1985-03-27', '1985-10-02'),
(62, '8586', 2427, 'Cecil', 'corrupti', 'Bruen', 'Clementina', 'female', '1990-09-17', '1717 Armstrong Meadows Apt. 329', 'Suite 644', 'Kaelamouth', 'Maine', 0, 'Sri Lanka', 'clare82@example.org', '1-831-524-5265x45162', '0', '2016-12-08', '2007-02-02'),
(88, '3939', 9510, 'Eugene', 'non', 'Oberbrunner', 'Ardella', 'male', '1988-11-08', '168 Hahn Mission', 'Apt. 250', 'Hesselville', 'Kansas', 0, 'Cambodia', 'bgleichner@example.org', '585-649-4660', '0', '1984-01-07', '1977-11-04'),
(23, '2968', 2160, 'Adrain', 'earum', 'Klocko', 'Amie', 'male', '1970-07-18', '301 Haag Wells', 'Apt. 880', 'Clementineland', 'NewJersey', 0, 'Zambia', 'richie.o\'hara@example.net', '1-857-545-2572x3891', '0', '2006-09-25', '1997-02-02'),
(65, '1211', 2189, 'Mireille', 'voluptatem', 'Marks', 'Jewel', 'female', '2015-04-11', '51544 Alexie Falls Suite 245', 'Suite 509', 'New Nakia', 'SouthCarolina', 0, 'Togo', 'ashleigh.brakus@example.net', '1-122-097-8385x994', '0', '1973-05-19', '1996-05-02'),
(134, '3876', 3989, 'Cyrus', 'consequuntur', 'Barton', 'Elna', 'male', '1977-07-03', '58949 Flatley Estates Suite 912', 'Apt. 291', 'Ricehaven', 'Hawaii', 0, 'Barbados', 'jaden44@example.org', '+64(8)3586468826', '0', '1977-04-26', '1971-08-27'),
(256, '3620', 7693, 'Adaline', 'at', 'Boyer', 'Verna', 'female', '1979-09-03', '635 Kreiger Neck', 'Apt. 505', 'Jamiefort', 'SouthDakota', 0, 'Kyrgyz Republic', 'rhiannon.bernier@example.com', '1-385-229-2329', '0', '1994-11-28', '1995-10-10'),
(188, '3320', 4180, 'Dudley', 'enim', 'Goldner', 'Jermaine', 'female', '2012-07-03', '2965 Leannon Crossroad', 'Suite 306', 'South Palma', 'Illinois', 0, 'Canada', 'wilma.osinski@example.org', '048.222.7434x210', '0', '1975-05-22', '1979-02-14'),
(104, '1933', 7522, 'Noe', 'nihil', 'Schowalter', 'Maximillia', 'male', '1992-06-08', '6513 Layne Via Suite 095', 'Suite 889', 'Alfonsoton', 'Missouri', 0, 'Western Sahara', 'fzboncak@example.com', '323-305-8209x7457', '0', '1990-09-16', '1989-11-21'),
(27, '5193', 7147, 'Monroe', 'similique', 'Schmidt', 'Dominique', 'male', '1972-12-18', '202 Senger Wells Suite 005', 'Apt. 810', 'Alexaport', 'NorthDakota', 0, 'Mauritania', 'isaias77@example.net', '+71(8)1651618376', '0', '1989-04-14', '1975-05-11'),
(36, '7871', 1153, 'Eulalia', 'soluta', 'Anderson', 'Susanna', 'female', '1971-08-20', '994 Littel Islands', 'Suite 224', 'East Gust', 'Maryland', 0, 'Palau', 'ondricka.elyssa@example.net', '(668)011-8832x373', '0', '1979-12-04', '1997-09-24'),
(253, '6198', 4980, 'Magdalen', 'cumque', 'Schinner', 'Tyra', 'male', '2000-10-13', '079 April Alley', 'Apt. 554', 'Milfordbury', 'Kansas', 0, 'Egypt', 'sedrick.kris@example.org', '1-629-242-3517x076', '0', '1980-11-29', '1998-02-21'),
(177, '7138', 1341, 'Una', 'dolor', 'Collins', 'Princess', 'female', '2011-02-02', '57806 Beer Pine', 'Apt. 295', 'Wuckertbury', 'Michigan', 0, 'Northern Mariana Islands', 'nikolaus.doug@example.com', '+16(8)1352442557', '0', '1993-12-26', '1978-09-09'),
(17, '4985', 115, 'Ezekiel', 'et', 'Feil', 'Alexandrea', 'female', '2018-10-03', '534 Adrianna Points Suite 973', 'Apt. 499', 'Yundtville', 'Arizona', 0, 'Reunion', 'hodkiewicz.savion@example.net', '915.011.7477', '0', '2013-04-15', '1999-05-05'),
(66, '5706', 6318, 'Sonya', 'at', 'Welch', 'Linnea', 'male', '1994-06-02', '175 Zachery Valley', 'Apt. 194', 'North Marina', 'Georgia', 0, 'El Salvador', 'wheidenreich@example.net', '03820061018', '0', '1997-08-28', '2012-05-16'),
(52, '1308', 7806, 'Francesco', 'ex', 'Shields', 'Rosalind', 'male', '1992-05-10', '5552 Fanny Radial Suite 732', 'Apt. 227', 'Cecilside', 'Nevada', 0, 'Yemen', 'miller.brakus@example.com', '+53(9)4937044842', '0', '1997-02-22', '2005-03-30'),
(7, '9629', 1603, 'Ismael', 'voluptatem', 'Lubowitz', 'Missouri', 'female', '2001-02-24', '765 Neva Radial Apt. 308', 'Apt. 055', 'Justinemouth', 'Minnesota', 0, 'Switzerland', 'tmclaughlin@example.org', '(970)576-4191x1347', '0', '1998-10-17', '1995-03-04'),
(48, '1722', 5884, 'Hannah', 'voluptas', 'Kuhic', 'Yolanda', 'male', '1990-05-29', '3007 Block Circle', 'Suite 766', 'Kulasshire', 'WestVirginia', 0, 'Ukraine', 'kshlerin.zachery@example.net', '515.628.1274x23613', '0', '2003-03-18', '1985-09-04'),
(174, '8994', 6505, 'Mollie', 'quam', 'Huel', 'Estrella', 'female', '1995-06-30', '2620 Hoppe Corner', 'Suite 630', 'Garretmouth', 'Alaska', 0, 'Tonga', 'astokes@example.com', '+07(3)6275326517', '0', '1979-11-13', '2014-11-19'),
(55, '9732', 4597, 'Samara', 'error', 'Wehner', 'Krystal', 'male', '2015-01-09', '512 Brown Forges Apt. 997', 'Suite 103', 'New Elian', 'Missouri', 0, 'Malta', 'ayden.lowe@example.com', '359-786-4208', '0', '1971-08-29', '1978-02-13'),
(20, '440', 665, 'Salma', 'assumenda', 'Tromp', 'Estel', 'male', '2020-08-22', '9023 Elias Walk', 'Apt. 041', 'New Henry', 'WestVirginia', 0, 'Saint Martin', 'uriah.kerluke@example.net', '741-291-8672', '0', '1990-03-30', '1977-03-04'),
(200, '8507', 117, 'Frederic', 'voluptatem', 'Rau', 'Maeve', 'female', '2020-09-23', '613 Mohammed Groves Suite 272', 'Suite 540', 'Port Shanytown', 'Idaho', 0, 'Gibraltar', 'lhowe@example.net', '1-319-562-6999', '0', '1977-04-10', '1971-05-30'),
(144, '1713', 9178, 'Thalia', 'sunt', 'Fritsch', 'April', 'female', '2006-12-28', '7221 Auer Extension Suite 680', 'Apt. 348', 'Denesiktown', 'Wyoming', 0, 'United States Virgin Islands', 'anastacio98@example.org', '1-590-765-5639', '0', '1986-06-10', '1976-02-27'),
(203, '3172', 8763, 'Grant', 'molestiae', 'Vandervort', 'Hosea', 'male', '2017-04-13', '2644 Walsh Drives Apt. 859', 'Suite 521', 'Vaughnborough', 'Indiana', 0, 'Liechtenstein', 'hyman.o\'connell@example.net', '118.186.2515x6564', '0', '2005-03-02', '2004-09-15'),
(72, '2337', 7712, 'Elouise', 'reprehenderit', 'Rowe', 'Krystel', 'male', '2015-10-24', '2585 Aliya Drive Apt. 859', 'Suite 197', 'Ozellaville', 'Connecticut', 0, 'Hungary', 'rogahn.dakota@example.net', '02267525745', '0', '2009-03-05', '2019-03-25'),
(45, '7675', 5785, 'Fernando', 'mollitia', 'Graham', 'Yasmin', 'male', '2017-07-26', '636 Koch Rapids Apt. 947', 'Apt. 799', 'Lake Tina', 'Tennessee', 0, 'Holy See (Vatican City State)', 'kthompson@example.org', '+48(7)1358052463', '0', '1991-02-06', '1974-03-22'),
(249, '4061', 7546, 'Meggie', 'et', 'Yost', 'Edwina', 'female', '2009-05-21', '3301 Stevie Lock Apt. 968', 'Suite 517', 'Ayanabury', 'Nevada', 0, 'Rwanda', 'violet.bednar@example.com', '827-654-5342', '0', '1992-07-30', '1985-06-07'),
(178, '8275', 5073, 'Lexie', 'et', 'Balistreri', 'Cleta', 'female', '1994-12-03', '17382 Brandt Extension', 'Suite 388', 'Johnview', 'Delaware', 0, 'Algeria', 'erwin69@example.net', '1-822-649-1007x555', '0', '1985-12-01', '1976-11-14'),
(50, '1493', 9394, 'Thea', 'ratione', 'Schultz', 'Maddison', 'male', '2000-09-10', '78059 Dejah Camp Apt. 693', 'Suite 525', 'Delfinaburgh', 'Missouri', 0, 'Zimbabwe', 'lucio39@example.com', '02004851560', '0', '1990-06-01', '2018-09-05'),
(191, '9613', 525, 'Casper', 'omnis', 'Spencer', 'Lila', 'male', '1979-10-29', '88282 Cayla Spring Apt. 816', 'Suite 949', 'East Marquis', 'Nebraska', 0, 'Cyprus', 'dayana15@example.org', '277.325.7047', '0', '2002-08-12', '2002-05-08'),
(124, '8608', 6953, 'Jason', 'ut', 'Metz', 'Lina', 'male', '1979-05-07', '8349 Quigley Via', 'Suite 305', 'West Fatimaside', 'RhodeIsland', 0, 'Micronesia', 'malika.gutmann@example.org', '+44(6)4251042315', '0', '2005-12-29', '1998-06-03'),
(225, '3160', 310, 'Abe', 'deleniti', 'Mante', 'Gabriella', 'female', '1985-08-12', '55569 Lesch Course', 'Suite 559', 'Port Ressie', 'Arizona', 0, 'Bahamas', 'donnelly.kathryne@example.net', '234-589-6407', '0', '2004-04-17', '1980-07-16'),
(149, '6006', 8243, 'Isai', 'non', 'Barrows', 'Pansy', 'male', '2022-01-22', '0121 Vella Summit', 'Suite 816', 'North Metaland', 'Montana', 0, 'Bermuda', 'porter.schinner@example.net', '(751)489-2995x11335', '0', '2008-02-20', '1993-10-14'),
(60, '7446', 4504, 'Sanford', 'aut', 'Cassin', 'Bethel', 'female', '1987-07-26', '209 Homenick Port', 'Apt. 943', 'Kelvinport', 'Louisiana', 0, 'Syrian Arab Republic', 'cwalter@example.com', '817-974-0242', '0', '1976-06-19', '1985-01-19'),
(67, '1279', 2596, 'Dimitri', 'eaque', 'Kessler', 'Aleen', 'female', '1997-02-27', '4689 Mellie Parkway', 'Suite 625', 'Hiltonhaven', 'Texas', 0, 'Poland', 'zora75@example.com', '07314928874', '0', '2009-06-18', '2012-06-19'),
(53, '7511', 6026, 'Kelly', 'et', 'Botsford', 'Winifred', 'female', '1974-02-12', '4327 Aufderhar Extensions', 'Suite 387', 'South Jazmyne', 'Minnesota', 0, 'Zambia', 'o\'reilly.noel@example.org', '05176305215', '0', '2020-06-02', '1987-12-31');

-- --------------------------------------------------------

--
-- Table structure for table `user_master`
--

CREATE TABLE `user_master` (
  `user_id` int(11) NOT NULL,
  `email` varchar(255) DEFAULT NULL,
  `password` varchar(255) DEFAULT NULL,
  `role` int(11) DEFAULT NULL,
  `status` enum('active','inactive') DEFAULT 'active',
  `is_deleted` enum('0','1') DEFAULT '0',
  `created_at` varchar(25) DEFAULT NULL,
  `modified_at` varchar(25) DEFAULT NULL
) ENGINE=InnoDB DEFAULT CHARSET=utf8mb4;

--
-- Dumping data for table `user_master`
--

INSERT INTO `user_master` (`user_id`, `email`, `password`, `role`, `status`, `is_deleted`, `created_at`, `modified_at`) VALUES
(1, 'igerlach@example.net', '2c5c7b112348b23dc7fe919ccbe1a41fdd7fd7fe', 1, 'active', '0', NULL, NULL),
(2, 'zpredovic@example.com', 'f00f892fae4d089ef8ffd7150c6e53f1928c6dd4', 1, 'active', '0', NULL, NULL),
(3, 'ondricka.macie@example.org', 'a4988ae09b9e90dee3567c437f7ce131d0137fab', 1, 'active', '0', NULL, NULL),
(4, 'pbotsford@example.com', 'fc23d4e927bea7ad0981f421206ed2d51a26b679', 1, 'active', '0', NULL, NULL),
(5, 'elroy.krajcik@example.com', 'e7c09462b9392a687194ea093f8cf2ed4adb60e4', 1, 'active', '0', NULL, NULL),
(6, 'maxwell.runolfsson@example.net', 'cec14d46cd9a87bb51c0a5cb331931782e328de0', 1, 'active', '0', NULL, NULL),
(7, 'charlie08@example.net', '32ea96d44e2def373a6439cdc5905621947537b7', 1, 'active', '0', NULL, NULL),
(8, 'nolan.mireille@example.org', '63000ba1018dca656a9d4d0701fc496c87db340d', 1, 'active', '0', NULL, NULL),
(9, 'wilderman.alek@example.com', '8b31e3fe6c43569de26ce86775a0ef752be97246', 1, 'active', '0', NULL, NULL),
(10, 'sondricka@example.net', '56540f1a29f459069acbd751bf8045e68b491bbf', 1, 'active', '0', NULL, NULL),
(11, 'moen.fabiola@example.org', '4439cbb53d106ae1acf20569a7c7250e91e658bb', 2, 'active', '0', NULL, NULL),
(12, 'corine.hirthe@example.com', '2e86258f41fa6358cfe7fcb6033e0a93c0c50d88', 2, 'active', '0', NULL, NULL),
(13, 'vzulauf@example.org', '6c97b98ace398eefeeea9fac029ff17088847bb0', 2, 'active', '0', NULL, NULL),
(14, 'lenna22@example.org', '129b3fd4d05c8c428df00e2b85da3eaec5aa1089', 2, 'active', '0', NULL, NULL),
(15, 'camren46@example.org', '143f3d31ee43652cf8e07294746441feba739e58', 2, 'active', '0', NULL, NULL),
(16, 'aletha.ferry@example.com', '62bc69fb3f59553599fcc04c1df968e4e075d227', 2, 'active', '0', NULL, NULL),
(17, 'gianni.sanford@example.org', '04dbc7b1f1105dc568fb58e25f2dad6853a44f24', 2, 'active', '0', NULL, NULL),
(18, 'pfannerstill.trystan@example.com', 'df8f655c18904f02e407703b5d1387bf7cc90425', 2, 'active', '0', NULL, NULL),
(19, 'wiegand.santino@example.net', 'e116cd7a59f8e6eea91fc6c63222dbe10dbdba8f', 2, 'active', '0', NULL, NULL),
(20, 'hills.michel@example.org', 'ca250f06ae04a0706fe84fe94ccf5da3534dd34d', 2, 'active', '0', NULL, NULL),
(21, 'nbahringer@example.net', '9ad6b49a4ad1e2e3c5ded11df237b9b5c60fc2f5', 2, 'active', '0', NULL, NULL),
(22, 'eleanora03@example.com', '69764ae58c929b5130b69ede93e74ba008bb4f5c', 2, 'active', '0', NULL, NULL),
(23, 'mpowlowski@example.org', '527e9064361557860577d618087a5fcae2c83ecb', 2, 'active', '0', NULL, NULL),
(24, 'fatima30@example.net', '6ea17dc6ae6121b5b1073a0abc6b3a9c2910afff', 2, 'active', '0', NULL, NULL),
(25, 'cmclaughlin@example.net', '96a4eb77a4c4eb29c72f02d1c0a095bffb9a4909', 2, 'active', '0', NULL, NULL),
(26, 'breanna.bahringer@example.org', 'c1c3fd65947ea2d59eab0e00f3d4f2e1e55976cc', 2, 'active', '0', NULL, NULL),
(27, 'kaela30@example.net', '666829b209ccf3c8bf71199f6f3999613fcef4aa', 2, 'active', '0', NULL, NULL),
(28, 'prosacco.shanelle@example.org', '19337e098f8a8f4d72145fa168ad37c027c253fb', 2, 'active', '0', NULL, NULL),
(29, 'volkman.jessika@example.org', '0f669828132885ae9eb725931afbb225e88e373a', 2, 'active', '0', NULL, NULL),
(30, 'bdenesik@example.org', '63a30e78cad7a0fa53e4b502547c92d084fb2f9c', 2, 'active', '0', NULL, NULL),
(31, 'kiera.klein@example.com', '82245bb178b3a28a3eddd83b845add87abd0c02f', 3, 'active', '0', NULL, NULL),
(32, 'reilly.michaela@example.com', 'c304031732cd2965b92f6be71cc23f24051934d2', 3, 'active', '0', NULL, NULL),
(33, 'helena.schultz@example.org', 'ce05b68c94ee8782df9453579418a223bc12d350', 3, 'active', '0', NULL, NULL),
(34, 'annabelle.kessler@example.org', '76e43b18d1bfd90497786eba91fa08493f24b2f3', 3, 'active', '0', NULL, NULL),
(35, 'thompson.jerry@example.org', '34505ff8582aa8b0666f1df0bb1bf11400a5b943', 3, 'active', '0', NULL, NULL),
(36, 'mdickens@example.net', '007a3c81bab6ba0d661aeec9ee8947b9975c459f', 3, 'active', '0', NULL, NULL),
(37, 'ptromp@example.com', '1a8c8da96abf0d4431affe13dab7ed1e48dd1b0b', 3, 'active', '0', NULL, NULL),
(38, 'tristian42@example.org', 'c90b251bea33802008603e7bfb8dea3c526f125b', 3, 'active', '0', NULL, NULL),
(39, 'roy08@example.org', '2f429d22a6ac6edc3fd3546586228b7bd1e96bfe', 3, 'active', '0', NULL, NULL),
(40, 'xkuhlman@example.net', 'e30ad4427dc351f65544b5ea9c21cd7b93942c26', 3, 'active', '0', NULL, NULL),
(41, 'jared.gibson@example.org', 'f12c2a97ee488b01f6c1f4d0ba49fa413d8ce90b', 3, 'active', '0', NULL, NULL),
(42, 'wisozk.mikayla@example.org', 'd8fdca239cbd576f23855a03c614925a1f923110', 3, 'active', '0', NULL, NULL),
(43, 'lpfeffer@example.org', '0cca0f0cb19aa47426adcdfdba5751f1af595e20', 3, 'active', '0', NULL, NULL),
(44, 'wisozk.felicity@example.com', 'b0e5e024897e76fb999db29d169cfd21fd1c4daa', 3, 'active', '0', NULL, NULL),
(45, 'vbalistreri@example.com', '20b3ed2242ec5b119ec399fb77460dcd9e11f807', 3, 'active', '0', NULL, NULL),
(46, 'mjohnston@example.org', 'e6b7fb36a7353f995df40f95b2ccf25015cda536', 3, 'active', '0', NULL, NULL),
(47, 'jett.renner@example.com', '5e51c3c1d9a446713a817cbe5ef33ceff3035b66', 3, 'active', '0', NULL, NULL),
(48, 'jmraz@example.com', 'a3ef113a050736e9cb42780960804164dc8a0a98', 3, 'active', '0', NULL, NULL),
(49, 'gregory07@example.net', '66a1ae91d2ee4a9d69b80d581b7433966cf4a6bd', 3, 'active', '0', NULL, NULL),
(50, 'lennie.hauck@example.net', 'd4d5040803b951313a64fae249feecffa43f5c75', 3, 'active', '0', NULL, NULL),
(51, 'hudson.yolanda@example.net', 'f9d4494d584128ccbba647ac203221e05c87aa92', 3, 'active', '0', NULL, NULL),
(52, 'ricky.kuvalis@example.com', 'cc972481a8f9fad5784660a4c412c388fe75efb2', 3, 'active', '0', NULL, NULL),
(53, 'bconnelly@example.net', '3d3f7580a2522b76c5c99226dd06545692b8550d', 3, 'active', '0', NULL, NULL),
(54, 'danielle76@example.org', 'f5e71344bd2fc8449c916e6b83cf1af3be48510b', 3, 'active', '0', NULL, NULL),
(55, 'reagan.parisian@example.org', '170ac28d2f56a0b2186488d18b20feae43c7ee32', 3, 'active', '0', NULL, NULL),
(56, 'hagenes.harmony@example.org', 'fe8dc22b9225fd5edced224ec6eec43da395ff38', 3, 'active', '0', NULL, NULL),
(57, 'econnelly@example.org', '3cad647b4723b0a7d445ae7e702e95102ecb200c', 3, 'active', '0', NULL, NULL),
(58, 'hcrona@example.org', '73669f9f27c57953ee99e673120c876ed7649cba', 3, 'active', '0', NULL, NULL),
(59, 'xkrajcik@example.com', 'c64912d28d5573e6ec12d71878768b69b20fea3a', 3, 'active', '0', NULL, NULL),
(60, 'hamill.axel@example.org', '69e0fc344f30086794de9da5ccdad4074520073e', 3, 'active', '0', NULL, NULL),
(61, 'gusikowski.brooks@example.org', '53e95924987d358c6c0e96af28297e4ee18a44a8', 3, 'active', '0', NULL, NULL),
(62, 'heaney.juvenal@example.org', 'e9739550e099abf8c4f9be5470739d96f7f86d0d', 3, 'active', '0', NULL, NULL),
(63, 'ihills@example.com', 'ae43334402c7f761a4c23a0f7a93ff113ecc5cf2', 3, 'active', '0', NULL, NULL),
(64, 'vicky.bechtelar@example.net', '63ca69f1a5e088d6ed40302c4952c93562c616bc', 3, 'active', '0', NULL, NULL),
(65, 'itreutel@example.net', '48bae7ed6ec776db57f88f4740a39bfa1c650d13', 3, 'active', '0', NULL, NULL),
(66, 'rempel.saige@example.com', '1ba341c976b719a04990ad15709e6db1fdeba5cb', 3, 'active', '0', NULL, NULL),
(67, 'shaniya.reilly@example.com', 'e8611bedafcac78c776d06e89d3907705e6fb210', 3, 'active', '0', NULL, NULL),
(68, 'kunde.tyler@example.com', '8f4bdc9794074d0dac9a4f4f8ef906db6ada84a6', 3, 'active', '0', NULL, NULL),
(69, 'gusikowski.delfina@example.org', '20fee6aa5c44ceb6ea5e0e7de0f3da104a29d19e', 3, 'active', '0', NULL, NULL),
(70, 'howell.isaias@example.org', '337be5d61968b5ccf0a6c063b1017f19c24c2cf0', 3, 'active', '0', NULL, NULL),
(71, 'wrau@example.org', '94e82d45fb83db06e0657b06b1907321d3e76c0e', 3, 'active', '0', NULL, NULL),
(72, 'cory43@example.net', '56dd1333c5f07f5d3a957770817f76ddd038746f', 3, 'active', '0', NULL, NULL),
(73, 'vweber@example.net', 'be5f49236d3d024875d901ca1804ad47a0ea8e78', 3, 'active', '0', NULL, NULL),
(74, 'bryan@example.com', '31ed54ec03b0299ca63c2f8d34142ce80c5331ac', 3, 'active', '0', NULL, NULL),
(75, 'wsatterfield@example.org', '34403ee666746b25a9ff058c4c3c29b38c3498a7', 3, 'active', '0', NULL, NULL),
(76, 'reilly.lubowitz@example.net', 'b38325e4ad18795712be8e5079b7ce4cb3a71fc8', 3, 'active', '0', NULL, NULL),
(77, 'ebba.hartmann@example.com', '4342379e41b250b033adb64872e5e2f9c7129a6a', 3, 'active', '0', NULL, NULL),
(78, 'ollie14@example.com', 'a559feb8ae2c7183f95eb7761ead07e390fba969', 3, 'active', '0', NULL, NULL),
(79, 'schimmel.lisette@example.net', '84ff4d54fc2db6813a8f356376fc1087d7776c82', 3, 'active', '0', NULL, NULL),
(80, 'kenyatta.vonrueden@example.com', '2a9d597f31b79056161eacb5a2b30eec4388e4e4', 3, 'active', '0', NULL, NULL),
(81, 'mueller.devonte@example.com', 'c08bbcd808f52e7d97d340f0bb232bfd75ba6bef', 3, 'active', '0', NULL, NULL),
(82, 'elubowitz@example.org', 'fc77b6bfab546acfdac414175b30b2b3293ee8fc', 3, 'active', '0', NULL, NULL),
(83, 'octavia12@example.com', 'e0abb6d17b1ea2a6db1a650eb73d5647a082835e', 3, 'active', '0', NULL, NULL),
(84, 'stephania.feil@example.org', '08bd86452e7b97cfa76e2a0bac2b43a14e966839', 3, 'active', '0', NULL, NULL),
(85, 'stiedemann.giovani@example.com', 'cc0ff417d02cb4ef3573edac3953a320d7e1a284', 3, 'active', '0', NULL, NULL),
(86, 'ahmad33@example.net', '3fd54b697c2e619e585867ec0db2b7ba8c8fe05e', 3, 'active', '0', NULL, NULL),
(87, 'acole@example.net', 'a3c33ab41bb2b5dccf1b662a4d6f0a310dc136b7', 3, 'active', '0', NULL, NULL),
(88, 'vivian.larkin@example.net', '17eb092214dd6f32f17207852bf9acf6bafa2b80', 3, 'active', '0', NULL, NULL),
(89, 'buck57@example.org', 'd298f1f8c7a603629035c521f9fa1386025955ef', 3, 'active', '0', NULL, NULL),
(90, 'erik20@example.org', '68d267961580e4a0c7ee97f5ab1c79dd549634b1', 3, 'active', '0', NULL, NULL),
(91, 'vlemke@example.org', 'a9f7a2830beabe08e1b50b928e4aa4937df58454', 3, 'active', '0', NULL, NULL),
(92, 'ondricka.marcelo@example.com', '2bc35c7e4f9b934b03845c183f1f8fbea14d4d05', 3, 'active', '0', NULL, NULL),
(93, 'spencer.sarah@example.com', '16ef88563a4573dbd6f5de51f9afbab8d977f7f8', 3, 'active', '0', NULL, NULL),
(94, 'sherwood.mueller@example.com', '4d3ccb7ce0b263097564b0767524de7926a660ee', 3, 'active', '0', NULL, NULL),
(95, 'kay67@example.com', '158e39a956a21c0ed335c0e334e36a4da39d7d74', 3, 'active', '0', NULL, NULL),
(96, 'nona60@example.com', '986296be5cde9d63c834b2a5c9a73e15b0abce53', 3, 'active', '0', NULL, NULL),
(97, 'polly93@example.org', '42d7a4a73c5ffc8c0e73c858473eb397d7e4c990', 3, 'active', '0', NULL, NULL),
(98, 'fahey.morris@example.com', '13636fae0a08a601951794ac4f10ba77e9889bbd', 3, 'active', '0', NULL, NULL),
(99, 'mose.schowalter@example.net', '89961df4b29e7781649be77a08553bc602aa6c28', 3, 'active', '0', NULL, NULL),
(100, 'marshall63@example.net', '517722cb6b914341f4ef420169407a2c04410d7e', 3, 'active', '0', NULL, NULL),
(101, 'dmaggio@example.net', 'e27c84af02f2bcd61d141728aac138537db43c1d', 3, 'active', '0', NULL, NULL),
(102, 'eloy.berge@example.org', 'd362b73191664878664e242953dc9644b599dfff', 3, 'active', '0', NULL, NULL),
(103, 'hnienow@example.org', 'ca345e4925424a18890c67c08c4827b184410f5f', 3, 'active', '0', NULL, NULL),
(104, 'yasmin.witting@example.org', '7b363a9a8477a6c3572a601d4ce160a88399f960', 3, 'active', '0', NULL, NULL),
(105, 'bergstrom.colton@example.org', 'f335d77b8b628cf5b1c66ccdefa6ae1d24d37036', 3, 'active', '0', NULL, NULL),
(106, 'vesta.mraz@example.com', '16746d1f1d08820d4d2295c88d6eed0819e9b71f', 3, 'active', '0', NULL, NULL),
(107, 'titus20@example.com', '29f0854bfbda9aa6dd1f20cebcda7994236e00c3', 3, 'active', '0', NULL, NULL),
(108, 'dietrich.rachael@example.net', '3e4a5aaf94d157bf2bdf5758a628c16e97baeb8c', 3, 'active', '0', NULL, NULL),
(109, 'mack.doyle@example.net', 'a155a7b198cb815d8c87d810e6915ea6b5090356', 3, 'active', '0', NULL, NULL),
(110, 'bkessler@example.com', '33f2bf8894d489e5b1bc83d98bd569422d8eee0a', 3, 'active', '0', NULL, NULL),
(111, 'sasha.torp@example.net', '453507b7b76d0250314444d59b2667c4cc6ec42b', 3, 'active', '0', NULL, NULL),
(112, 'alfredo49@example.org', '198ac5a824c232ed4fa2e0a557fd40ac2fc06a14', 3, 'active', '0', NULL, NULL),
(113, 'mbode@example.org', '2de56c5059cf7dd90406d792055891d4d2b5aba5', 3, 'active', '0', NULL, NULL),
(114, 'pinkie55@example.org', '8994e1228cde54b6ca3e191047a1a9b8ff32c499', 3, 'active', '0', NULL, NULL),
(115, 'levi.reilly@example.net', '394f3e17066d20b189fdd0fd5d9b59ae34076da3', 3, 'active', '0', NULL, NULL),
(116, 'eschulist@example.org', 'f0dae092bd9968ea028e782546bcd9314ebafecf', 3, 'active', '0', NULL, NULL),
(117, 'moen.brody@example.net', 'df5b184344486a89fa58f20604dfcbae6385a1d0', 3, 'active', '0', NULL, NULL),
(118, 'amely40@example.net', '0f07eb36d342c5486df7843e2fd4ba8ee6e2c3b1', 3, 'active', '0', NULL, NULL),
(119, 'mcglynn.mekhi@example.org', '7687e01dbde613d669e8a8172c31da3d63d2caf1', 3, 'active', '0', NULL, NULL),
(120, 'amayert@example.com', 'bca905d23524f71771db0ccc0675a9b63090a7ff', 3, 'active', '0', NULL, NULL),
(121, 'dejuan18@example.com', 'dc9cb9d8e8a37660ebc14aa80898ad4a10b6289c', 3, 'active', '0', NULL, NULL),
(122, 'rocky.feeney@example.net', 'b506e7daccc3eda2bb6502878cfd5a1b11d07b43', 3, 'active', '0', NULL, NULL),
(123, 'gavin56@example.com', '9a19af23e1bb49b464edfcc71e0a3657be61ca2f', 3, 'active', '0', NULL, NULL),
(124, 'abe.kilback@example.net', 'bc33cf335a94f479fe83c3306ccbd7d4638ce1a7', 3, 'active', '0', NULL, NULL),
(125, 'kuvalis.leola@example.net', '8ba317aab274b70cdddceef59c8f29f709c8ebf1', 3, 'active', '0', NULL, NULL),
(126, 'ansel.dicki@example.org', '0a8b8b10663d733b00e2bd9886f0c80def03a85b', 3, 'active', '0', NULL, NULL),
(127, 'gwendolyn.frami@example.com', '590299c87a3bed473a146bf336aa3f852a4c7339', 3, 'active', '0', NULL, NULL),
(128, 'dstrosin@example.com', 'c21b4a15fdca67e1e80bcc36d13c7b461e150272', 3, 'active', '0', NULL, NULL),
(129, 'dereck.harris@example.net', '17457785a6ec8c66baaf814993c0d64acf17b911', 3, 'active', '0', NULL, NULL),
(130, 'vallie.altenwerth@example.org', '218332c18d61d20e56d5497d926d5a773dc4bc52', 3, 'active', '0', NULL, NULL),
(131, 'nash.nikolaus@example.com', '94b73f9c209248e00d7d176d57be7993ad6b3a38', 3, 'active', '0', NULL, NULL),
(132, 'gus.sauer@example.net', 'd27189f17b65b40f69cc5db7bd8d1d6913581308', 3, 'active', '0', NULL, NULL),
(133, 'zbechtelar@example.com', 'c1c972df0b0c8ec97c2a0d6069d1b440519f540a', 3, 'active', '0', NULL, NULL),
(134, 'fannie48@example.org', '6ddadc07bafbc370b26d74094aba8b799838a9dd', 3, 'active', '0', NULL, NULL),
(135, 'viola.crona@example.org', '451595940cc21477f5ea22b58aed0e7b4a1124c5', 3, 'active', '0', NULL, NULL),
(136, 'name.pacocha@example.net', '6719a2e788905fd35b2ea0ad4e97cd0a623497c3', 3, 'active', '0', NULL, NULL),
(137, 'emil.bergstrom@example.com', '9e2fa2def667b4f8d8b8b3923ffc187286029b7a', 3, 'active', '0', NULL, NULL),
(138, 'bo.stracke@example.net', 'afd7d90d683b89b7697d1937069957981e6975d1', 3, 'active', '0', NULL, NULL),
(139, 'lilliana.mckenzie@example.com', '174357e99749e31dc15b84a7e45fb332a327f922', 3, 'active', '0', NULL, NULL),
(140, 'manuel51@example.com', '2450bb3555eacbc8d30f819b5b8ee512db74a678', 3, 'active', '0', NULL, NULL),
(141, 'kuphal.erik@example.org', '737b6ad684aa73c566a64405acc4b4868c8f82a2', 3, 'active', '0', NULL, NULL),
(142, 'rankunding@example.com', '72b63c29469f0275c6907257e69f6c155e6b50b5', 3, 'active', '0', NULL, NULL),
(143, 'bechtelar.effie@example.org', '12e0903ca942f89ebe95844bcd84d205b5b5e15d', 3, 'active', '0', NULL, NULL),
(144, 'graciela.larkin@example.net', '2f834c5ffc2c21fa6f6e48f6721ef2955654f2ec', 3, 'active', '0', NULL, NULL),
(145, 'trever87@example.net', '8f8c9e9e1b6288d40814c8166388790c6f435b68', 3, 'active', '0', NULL, NULL),
(146, 'brandt.kassulke@example.net', 'd0461da60715913c5912e60098939c8b97065d4b', 3, 'active', '0', NULL, NULL),
(147, 'iveum@example.com', 'c6afb68285fdcacf0ab1db2893cc30d832d8acf1', 3, 'active', '0', NULL, NULL),
(148, 'marcos.hane@example.net', 'e8bd4938cbd4d2636b0b537fd2fb5d2fadf68b2d', 3, 'active', '0', NULL, NULL),
(149, 'lourdes.sporer@example.org', '1afc603318a6fa2f5720dba2ae5640291bfa6d84', 3, 'active', '0', NULL, NULL),
(150, 'deanna22@example.com', 'a0b25690373c3918b64c7a41cbb97c7587bdd734', 3, 'active', '0', NULL, NULL),
(151, 'easton.nader@example.net', '2d0fddc3c1e4d1928a75c44e68d2a65d0cb6d6db', 3, 'active', '0', NULL, NULL),
(152, 'qolson@example.com', '99317c3bc7093cc9159e5ece41ab590c10f52680', 3, 'active', '0', NULL, NULL),
(153, 'newton14@example.com', '36d6af82b28b35412f190322fde67d4a48c573fd', 3, 'active', '0', NULL, NULL),
(154, 'lionel47@example.org', '3f910cdd9c1249699990c494db47d2efe889a929', 3, 'active', '0', NULL, NULL),
(155, 'major68@example.net', '20f1935503d4e991994f92d3edc06419f8265388', 3, 'active', '0', NULL, NULL),
(156, 'nash.metz@example.com', '05c84d5024cdbf2e64e0bd3e4ca8cf4d3f8a43a1', 3, 'active', '0', NULL, NULL),
(157, 'gwen.paucek@example.net', '4a7bff4ba7f2e53e7500eaba492652fdaa28d74b', 3, 'active', '0', NULL, NULL),
(158, 'sarina30@example.org', 'b5dc5c6d346040c21e1019f9857c405ed892069a', 3, 'active', '0', NULL, NULL),
(159, 'callie.hammes@example.net', '053621c9c749581d230dde18ba952f83122ec9ec', 3, 'active', '0', NULL, NULL),
(160, 'melissa89@example.org', '888e0bfc81c998ea51d29b92e859742dac6bf698', 3, 'active', '0', NULL, NULL),
(161, 'psatterfield@example.net', '8b819c52dfb72f4ac44195974279191a92b8b5d5', 3, 'active', '0', NULL, NULL),
(162, 'evans.volkman@example.com', 'b2f0797b870ea8fa78b1556c385ed043b92cdab1', 3, 'active', '0', NULL, NULL),
(163, 'nadia.reynolds@example.org', '220eaeadb37a049bad3cc3874ca6933d4d735509', 3, 'active', '0', NULL, NULL),
(164, 'smith.clemmie@example.net', 'ca20590bbf43d4e80a12f27cfcc42f6531bbedac', 3, 'active', '0', NULL, NULL),
(165, 'xkris@example.org', '7efec429f529f1bbddfc5cafd5e2831e5b56cd37', 3, 'active', '0', NULL, NULL),
(166, 'shayne.quigley@example.org', '7e13346711d3b1e14eda34dec2bfb9e37d848b12', 3, 'active', '0', NULL, NULL),
(167, 'stark.hortense@example.org', '21921e256211af2283c6853b9d9809c2c09e18f4', 3, 'active', '0', NULL, NULL),
(168, 'jgorczany@example.org', '872a210083515187f6014254821d42ef1e3b44de', 3, 'active', '0', NULL, NULL),
(169, 'tbarton@example.org', 'f8eac2a9b8edde6cd7309f66bb0ecb6ac25fcc40', 3, 'active', '0', NULL, NULL),
(170, 'ispinka@example.net', '49fc76762cae803944082d1c540e72b5ef18926a', 3, 'active', '0', NULL, NULL),
(171, 'jonathan.hills@example.org', 'fdc63829cbbc155bdcb2302bc422e0b7cf4ca0bf', 3, 'active', '0', NULL, NULL),
(172, 'chesley.bergnaum@example.com', '640e0b3469969204f4b079b8448f32881b78e68b', 3, 'active', '0', NULL, NULL),
(173, 'bmraz@example.com', '3e72cb95fa37bb7823ac1cc32f11b04f15c790ea', 3, 'active', '0', NULL, NULL),
(174, 'murray.monica@example.com', '4add049a8c30a2226120fc30989bf1fee9031205', 3, 'active', '0', NULL, NULL),
(175, 'lelia01@example.net', '74b25d60ee1579e0254cff84f810c6b42d5cba05', 3, 'active', '0', NULL, NULL),
(176, 'pollich.rachelle@example.net', '90c7d38da5b72890dae15f3a9b89e20f3419b30d', 3, 'active', '0', NULL, NULL),
(177, 'yweimann@example.com', '458e2824bd53002a8d195368b82d7dbf2852adb3', 3, 'active', '0', NULL, NULL),
(178, 'nyundt@example.org', '7ccb1f6708f05ec9b5af9872deb3150e371921db', 3, 'active', '0', NULL, NULL),
(179, 'sharon.purdy@example.com', '0146565af639757eadd3e6d8eb94287bfef00829', 3, 'active', '0', NULL, NULL),
(180, 'yzieme@example.org', '5ec671107d5f26947c9ab9e91f6883c2842fa812', 3, 'active', '0', NULL, NULL),
(181, 'pete72@example.com', '4d3e959efce47e753ac5d52e9e562150eb1fdf3e', 3, 'active', '0', NULL, NULL),
(182, 'verda.ruecker@example.com', '05ff1504c4d26a9bbd139e96afdb92d3d582b53c', 3, 'active', '0', NULL, NULL),
(183, 'nicolas.lou@example.org', 'cdfe73ee9993c29fb1afdde832b8a5d21e568012', 3, 'active', '0', NULL, NULL),
(184, 'mccullough.orlando@example.net', '06fc086ef5271d3fbf7d285ccdc5dea3164ffeb0', 3, 'active', '0', NULL, NULL),
(185, 'annette.mcdermott@example.org', '159c4d746b2a794370fe86683bacc44b4bb0844d', 3, 'active', '0', NULL, NULL),
(186, 'holly.kuhic@example.net', '03d0c6b5bc946a4d1e7e237d1b0c4160102a74bb', 3, 'active', '0', NULL, NULL),
(187, 'sstracke@example.org', '3f2234233bbdeae8d2c014c58646e9ee6b533da9', 3, 'active', '0', NULL, NULL),
(188, 'bashirian.missouri@example.com', 'f16905fe82adaf88b4d56046c57212206e6d7dbb', 3, 'active', '0', NULL, NULL),
(189, 'dan67@example.com', 'aedeaf39dc2fe346b0e8bf0c6962d208119414c1', 3, 'active', '0', NULL, NULL),
(190, 'glover.anderson@example.org', 'c84520b36af21f3b56901e9de1a823498182f987', 3, 'active', '0', NULL, NULL),
(191, 'enid.upton@example.com', '09d2fcf678d376f2feeba9989cca377653e5430d', 3, 'active', '0', NULL, NULL),
(192, 'kfeil@example.com', '3c40159daa8d65a5db7f4cec0f2a1234573a1de9', 3, 'active', '0', NULL, NULL),
(193, 'harvey.brando@example.org', '67e5dd51ad3709e6c91d5630c5e63c3ea42c1d74', 3, 'active', '0', NULL, NULL),
(194, 'tlynch@example.com', 'b25bf9740fbea39a6cd9b89591eb68ba1598e15a', 3, 'active', '0', NULL, NULL),
(195, 'aufderhar.delia@example.com', '6239110f0de6872068c668a705e96c57f13f62e2', 3, 'active', '0', NULL, NULL),
(196, 'vkrajcik@example.net', '1259aaf4d8ee7ad4ec73dc8caf653ac66d9facc9', 3, 'active', '0', NULL, NULL),
(197, 'shanie77@example.com', '27f89b0c7adebc81bc12762255e17a21e3b30509', 3, 'active', '0', NULL, NULL),
(198, 'skiles.liam@example.org', 'df27d11a18f63d98d46440e7559ecc2c0d42c148', 3, 'active', '0', NULL, NULL),
(199, 'grady.kenna@example.net', '2743c42930f45d5ebc4014067bae82cbbe41516f', 3, 'active', '0', NULL, NULL),
(200, 'hoeger.leanne@example.com', '827d84dd5ac5fd97cb9fb6089ee3188e4d9f9259', 3, 'active', '0', NULL, NULL),
(201, 'gertrude56@example.com', '54358c13621fc46142ab840adb561b4885f48e11', 3, 'active', '0', NULL, NULL),
(202, 'gbalistreri@example.net', 'af3db0e2d16866b367388970556a47e67b73eb72', 3, 'active', '0', NULL, NULL),
(203, 'erna13@example.com', 'd6c9b7ae02dddaba5d45f624d42461ff154978cd', 3, 'active', '0', NULL, NULL),
(204, 'karine.crooks@example.org', 'c03e218caad12cf9a464afe324132aa11fc85903', 3, 'active', '0', NULL, NULL),
(205, 'lesly.macejkovic@example.com', '8aa81dc28a05ab0190207468071411dd31b4b1f2', 3, 'active', '0', NULL, NULL),
(206, 'whuel@example.net', '46b274f7d4127e9081d1ece5e3e41bc50b10d4d5', 3, 'active', '0', NULL, NULL),
(207, 'metz.eladio@example.com', 'bf9e3b037dd7c1610bc3a91e38174965ad210e87', 3, 'active', '0', NULL, NULL),
(208, 'gkihn@example.net', 'e172df4a16d5fe40fa7124aeb6d8bd624ebfbeac', 3, 'active', '0', NULL, NULL),
(209, 'balistreri.halie@example.com', 'e927475503dfeefffe0c61d1212b1f6317edefd3', 3, 'active', '0', NULL, NULL),
(210, 'mariam.rempel@example.org', '4e25166d0c3e98143bb316505b23199a7ed377a7', 3, 'active', '0', NULL, NULL),
(211, 'arnulfo.collier@example.com', 'fe316c3e614e5597288dc878e73502a253d80c27', 3, 'active', '0', NULL, NULL),
(212, 'fermin.kozey@example.com', '6ac2ceac3cddf47bb69f3a383a10dd097f78e923', 3, 'active', '0', NULL, NULL),
(213, 'luettgen.chauncey@example.org', 'cf9cf85e23865c2b4b22d85725718b928f974e86', 3, 'active', '0', NULL, NULL),
(214, 'cierra.howell@example.net', '80ee90888e8aa9ba33047e4575b381d772964a18', 3, 'active', '0', NULL, NULL),
(215, 'zhodkiewicz@example.com', '0816b95ae2d2a08140567c242da0cbd6ec912da6', 3, 'active', '0', NULL, NULL),
(216, 'tromp.annabelle@example.com', 'a095b848b4b480b98aebddab66aa72f39ae1d582', 3, 'active', '0', NULL, NULL),
(217, 'kihn.brenda@example.org', 'bcd7127828c37ad77c373da2dcecab14f3082ab6', 3, 'active', '0', NULL, NULL),
(218, 'margarete46@example.org', '27d9fa659cf475b17ab2b001875355dc4731572b', 3, 'active', '0', NULL, NULL),
(219, 'mcclure.edison@example.net', '161de6b42269889f216e3513f43cc032d0bf2972', 3, 'active', '0', NULL, NULL),
(220, 'green.toy@example.org', 'f821ede48811a6853a057bf361efdd8e7f8afdbb', 3, 'active', '0', NULL, NULL),
(221, 'estelle.huel@example.net', 'a878f0d43fb7e7171899bb4b462f6f9fe4e7c381', 3, 'active', '0', NULL, NULL),
(222, 'tbrakus@example.net', 'd64bb9eab2e3efab5c8d6a174e50e7c5875eed0b', 3, 'active', '0', NULL, NULL),
(223, 'halvorson.victor@example.com', 'd484c06509ae7f7c00feadead013ede2f2a22378', 3, 'active', '0', NULL, NULL),
(224, 'andreanne.kihn@example.com', '82514f94f427c9359c5b0ea40c8aa1938ff66f1b', 3, 'active', '0', NULL, NULL),
(225, 'yhand@example.com', '75f0ae0252e3f7ef75fc73f5a7470296a0e14d83', 3, 'active', '0', NULL, NULL),
(226, 'runolfsdottir.frederik@example.org', '7c635780f4f4d975dad2bfa9aee8d8f65fe5003a', 3, 'active', '0', NULL, NULL),
(227, 'rkshlerin@example.net', 'b99a7519cc5eb2019c745f91f23afa7928b0fe80', 3, 'active', '0', NULL, NULL),
(228, 'braun.stefanie@example.net', '2497fd0bef59041e30c9a53c538c2726acc7e28b', 3, 'active', '0', NULL, NULL),
(229, 'lucie.gutmann@example.org', 'abad9738791ad7540c4836a706cc59870dc1cb7b', 3, 'active', '0', NULL, NULL),
(230, 'keegan23@example.net', 'e0feef981de9645d7e402e2b3d6d0c7e5429dfc5', 3, 'active', '0', NULL, NULL);

-- --------------------------------------------------------

--
-- Table structure for table `user_service_master`
--

CREATE TABLE `user_service_master` (
  `user_service_id` int(11) NOT NULL,
  `_user_id` int(11) DEFAULT NULL,
  `_service_id` int(11) DEFAULT NULL,
  `_year_id` int(11) DEFAULT NULL,
  `price` int(11) DEFAULT NULL,
  `payment` enum('unpaid','paid','in_progress') DEFAULT 'unpaid',
  `status` enum('on_hold','processing','completed','invalid','caceled') DEFAULT 'on_hold',
  `_assigned_to` int(11) DEFAULT NULL,
  `is_deleted` enum('0','1') DEFAULT '0',
  `created_at` varchar(25) DEFAULT NULL,
  `modified_at` varchar(25) DEFAULT NULL
) ENGINE=InnoDB DEFAULT CHARSET=utf8mb4;

--
-- Dumping data for table `user_service_master`
--

INSERT INTO `user_service_master` (`user_service_id`, `_user_id`, `_service_id`, `_year_id`, `price`, `payment`, `status`, `_assigned_to`, `is_deleted`, `created_at`, `modified_at`) VALUES
(1, 223, 1, 3, 1194, 'unpaid', 'completed', 23, '0', '2022-06-01 12:00:00', NULL),
(2, 211, 1, 3, 1852, 'paid', 'completed', 11, '0', '2022-07-07 12:00:00', NULL),
(3, 57, 1, 1, 1930, 'paid', 'on_hold', 30, '0', '2022-06-01 12:00:00', NULL),
(4, 223, 1, 2, 1548, 'unpaid', 'on_hold', 13, '0', ' 2022-06-25 12:00:00', NULL),
(5, 79, 1, 1, 1456, 'paid', 'on_hold', 29, '0', '2022-07-07 12:00:00', NULL),
(6, 52, 3, 3, 1606, 'unpaid', 'processing', 23, '0', '2022-07-07 12:00:00', NULL),
(7, 190, 3, 2, 1095, 'unpaid', 'on_hold', 12, '0', ' 2022-06-25 12:00:00', NULL),
(8, 162, 1, 1, 1905, 'unpaid', 'processing', 30, '0', '2022-07-07 12:00:00', NULL),
(9, 149, 3, 2, 1582, 'in_progress', 'on_hold', 21, '0', '2022-07-01 12:00:00', NULL),
(10, 220, 2, 3, 1897, 'in_progress', 'on_hold', 24, '0', ' 2022-06-25 12:00:00', NULL),
(11, 80, 3, 3, 1299, 'in_progress', 'completed', 24, '0', '2022-07-07 12:00:00', NULL),
(12, 120, 1, 2, 1889, 'unpaid', 'completed', 19, '0', ' 2022-06-25 12:00:00', NULL),
(13, 197, 1, 2, 1792, 'paid', 'processing', 18, '0', '2022-07-01 12:00:00', NULL),
(14, 179, 2, 2, 1247, 'paid', 'processing', 23, '0', '2022-06-01 12:00:00', NULL),
(15, 107, 3, 2, 1376, 'paid', 'completed', 11, '0', '2022-07-01 12:00:00', NULL),
(16, 48, 1, 2, 1330, 'unpaid', 'completed', 15, '0', '2022-06-01 12:00:00', NULL),
(17, 178, 1, 1, 1643, 'unpaid', 'completed', 11, '0', '2022-06-01 12:00:00', NULL),
(18, 67, 1, 2, 1754, 'in_progress', 'completed', 25, '0', '2022-07-01 12:00:00', NULL),
(19, 174, 2, 3, 1321, 'paid', 'completed', 26, '0', ' 2022-06-25 12:00:00', NULL),
(20, 31, 2, 2, 1856, 'unpaid', 'on_hold', 27, '0', ' 2022-06-25 12:00:00', NULL),
(21, 102, 1, 2, 1317, 'in_progress', 'on_hold', 27, '0', '2022-07-01 12:00:00', NULL),
(22, 43, 1, 2, 1380, 'paid', 'processing', 13, '0', '2022-07-01 12:00:00', NULL),
(23, 38, 1, 1, 1459, 'unpaid', 'processing', 17, '0', ' 2022-06-25 12:00:00', NULL),
(24, 159, 1, 1, 1351, 'in_progress', 'completed', 29, '0', '2022-07-01 12:00:00', NULL),
(25, 38, 2, 3, 1959, 'in_progress', 'processing', 11, '0', '2022-07-01 12:00:00', NULL),
(26, 163, 3, 2, 1572, 'paid', 'on_hold', 25, '0', '2022-06-01 12:00:00', NULL),
(27, 79, 2, 2, 1799, 'in_progress', 'on_hold', 26, '0', '2022-07-01 12:00:00', NULL),
(28, 126, 2, 2, 1065, 'in_progress', 'completed', 28, '0', '2022-06-01 12:00:00', NULL),
(29, 176, 2, 1, 1129, 'paid', 'on_hold', 11, '0', '2022-07-01 12:00:00', NULL),
(30, 36, 3, 2, 1979, 'unpaid', 'on_hold', 14, '0', '2022-07-07 12:00:00', NULL),
(31, 49, 2, 2, 1921, 'paid', 'processing', 17, '0', '2022-06-01 12:00:00', NULL),
(32, 39, 1, 3, 1815, 'paid', 'processing', 28, '0', '2022-06-01 12:00:00', NULL),
(33, 117, 3, 3, 1520, 'in_progress', 'completed', 17, '0', '2022-07-07 12:00:00', NULL),
(34, 60, 1, 2, 1784, 'paid', 'on_hold', 17, '0', '2022-07-01 12:00:00', NULL),
(35, 183, 2, 1, 1366, 'unpaid', 'processing', 12, '0', '2022-07-07 12:00:00', NULL),
(36, 178, 2, 2, 1734, 'unpaid', 'completed', 20, '0', '2022-07-07 12:00:00', NULL),
(37, 32, 3, 3, 1872, 'unpaid', 'completed', 13, '0', ' 2022-06-25 12:00:00', NULL),
(38, 212, 1, 3, 1819, 'paid', 'on_hold', 13, '0', '2022-06-01 12:00:00', NULL),
(39, 105, 3, 2, 1555, 'unpaid', 'processing', 28, '0', '2022-06-01 12:00:00', NULL),
(40, 225, 2, 1, 1026, 'unpaid', 'processing', 30, '0', '2022-07-01 12:00:00', NULL),
(41, 92, 2, 1, 1075, 'unpaid', 'completed', 30, '0', '2022-07-01 12:00:00', NULL),
(42, 115, 2, 3, 1476, 'unpaid', 'processing', 22, '0', ' 2022-06-25 12:00:00', NULL),
(43, 202, 3, 1, 1478, 'paid', 'completed', 15, '0', '2022-07-07 12:00:00', NULL),
(44, 90, 2, 1, 1838, 'in_progress', 'on_hold', 19, '0', '2022-07-01 12:00:00', NULL),
(45, 170, 2, 3, 1705, 'paid', 'completed', 28, '0', '2022-07-07 12:00:00', NULL),
(46, 225, 1, 2, 1447, 'in_progress', 'on_hold', 15, '0', ' 2022-06-25 12:00:00', NULL),
(47, 113, 1, 3, 1927, 'unpaid', 'processing', 12, '0', '2022-07-01 12:00:00', NULL),
(48, 71, 3, 2, 1036, 'unpaid', 'on_hold', 20, '0', '2022-06-01 12:00:00', NULL),
(49, 147, 2, 2, 1753, 'paid', 'on_hold', 25, '0', '2022-07-01 12:00:00', NULL),
(50, 202, 3, 2, 1903, 'paid', 'on_hold', 11, '0', '2022-07-07 12:00:00', NULL),
(51, 60, 3, 1, 1362, 'paid', 'completed', 15, '0', '2022-06-01 12:00:00', NULL),
(52, 41, 1, 1, 1961, 'unpaid', 'completed', 25, '0', ' 2022-06-25 12:00:00', NULL),
(53, 33, 3, 1, 1254, 'paid', 'completed', 13, '0', '2022-06-01 12:00:00', NULL),
(54, 114, 1, 2, 1349, 'paid', 'on_hold', 13, '0', ' 2022-06-25 12:00:00', NULL),
(55, 184, 2, 3, 1961, 'paid', 'completed', 22, '0', '2022-06-01 12:00:00', NULL),
(56, 172, 2, 3, 1368, 'in_progress', 'completed', 17, '0', '2022-07-07 12:00:00', NULL),
(57, 175, 2, 3, 1843, 'in_progress', 'on_hold', 25, '0', '2022-07-01 12:00:00', NULL),
(58, 152, 1, 2, 1025, 'paid', 'on_hold', 20, '0', '2022-07-01 12:00:00', NULL),
(59, 221, 1, 2, 1705, 'unpaid', 'completed', 27, '0', '2022-07-01 12:00:00', NULL),
(60, 150, 2, 2, 1924, 'paid', 'completed', 20, '0', '2022-07-01 12:00:00', NULL),
(61, 68, 3, 2, 1254, 'in_progress', 'processing', 12, '0', ' 2022-06-25 12:00:00', NULL),
(62, 50, 3, 1, 1089, 'unpaid', 'completed', 30, '0', '2022-07-07 12:00:00', NULL),
(63, 200, 2, 1, 1747, 'paid', 'on_hold', 14, '0', ' 2022-06-25 12:00:00', NULL),
(64, 131, 2, 2, 1601, 'unpaid', 'on_hold', 13, '0', '2022-07-07 12:00:00', NULL),
(65, 122, 1, 2, 1822, 'unpaid', 'on_hold', 25, '0', '2022-07-07 12:00:00', NULL),
(66, 179, 3, 2, 1598, 'unpaid', 'completed', 27, '0', '2022-07-01 12:00:00', NULL),
(67, 147, 1, 1, 1260, 'in_progress', 'processing', 17, '0', ' 2022-06-25 12:00:00', NULL),
(68, 73, 3, 3, 1830, 'paid', 'processing', 13, '0', ' 2022-06-25 12:00:00', NULL),
(69, 192, 3, 1, 1600, 'paid', 'processing', 11, '0', '2022-07-01 12:00:00', NULL),
(70, 230, 2, 1, 1376, 'in_progress', 'on_hold', 25, '0', '2022-06-01 12:00:00', NULL),
(71, 164, 3, 1, 1309, 'paid', 'processing', 13, '0', '2022-06-01 12:00:00', NULL),
(72, 113, 2, 3, 1202, 'unpaid', 'processing', 28, '0', '2022-07-01 12:00:00', NULL),
(73, 215, 1, 1, 1966, 'unpaid', 'on_hold', 15, '0', ' 2022-06-25 12:00:00', NULL),
(74, 214, 2, 2, 1267, 'paid', 'on_hold', 18, '0', '2022-07-01 12:00:00', NULL),
(75, 187, 3, 3, 1181, 'paid', 'on_hold', 16, '0', '2022-07-01 12:00:00', NULL),
(76, 182, 1, 3, 1871, 'unpaid', 'processing', 20, '0', ' 2022-06-25 12:00:00', NULL),
(77, 130, 1, 3, 1122, 'unpaid', 'completed', 22, '0', '2022-07-07 12:00:00', NULL),
(78, 223, 3, 3, 1642, 'paid', 'completed', 25, '0', '2022-07-01 12:00:00', NULL),
(79, 219, 1, 2, 1861, 'paid', 'processing', 27, '0', '2022-06-01 12:00:00', NULL),
(80, 108, 1, 3, 1253, 'in_progress', 'completed', 19, '0', '2022-06-01 12:00:00', NULL),
(81, 177, 1, 1, 1220, 'unpaid', 'processing', 13, '0', ' 2022-06-25 12:00:00', NULL),
(82, 40, 2, 3, 1504, 'paid', 'on_hold', 27, '0', '2022-07-01 12:00:00', NULL),
(83, 67, 2, 1, 1903, 'paid', 'on_hold', 30, '0', '2022-06-01 12:00:00', NULL),
(84, 50, 3, 3, 1277, 'in_progress', 'completed', 13, '0', ' 2022-06-25 12:00:00', NULL),
(85, 112, 2, 2, 1619, 'in_progress', 'on_hold', 25, '0', '2022-06-01 12:00:00', NULL),
(86, 113, 2, 2, 1716, 'unpaid', 'on_hold', 20, '0', '2022-07-07 12:00:00', NULL),
(87, 116, 1, 3, 1751, 'paid', 'on_hold', 19, '0', '2022-07-07 12:00:00', NULL),
(88, 231, 1, 3, 1860, 'unpaid', 'on_hold', 16, '0', '2022-06-01 12:00:00', NULL),
(89, 61, 2, 2, 1505, 'paid', 'completed', 19, '0', '2022-07-01 12:00:00', NULL),
(90, 183, 3, 1, 1804, 'paid', 'processing', 13, '0', '2022-07-01 12:00:00', NULL),
(91, 39, 1, 1, 1324, 'in_progress', 'processing', 23, '0', '2022-07-01 12:00:00', NULL),
(92, 109, 1, 1, 1229, 'unpaid', 'completed', 30, '0', '2022-07-01 12:00:00', NULL),
(93, 158, 1, 2, 1642, 'in_progress', 'on_hold', 21, '0', '2022-07-07 12:00:00', NULL),
(94, 111, 2, 3, 1213, 'in_progress', 'processing', 24, '0', '2022-06-01 12:00:00', NULL),
(95, 80, 1, 2, 1913, 'paid', 'on_hold', 15, '0', '2022-06-01 12:00:00', NULL),
(96, 231, 2, 2, 1163, 'unpaid', 'completed', 18, '0', '2022-07-07 12:00:00', NULL),
(97, 58, 1, 3, 1663, 'paid', 'completed', 15, '0', '2022-06-01 12:00:00', NULL),
(98, 74, 1, 2, 1883, 'in_progress', 'on_hold', 21, '0', '2022-06-01 12:00:00', NULL),
(99, 174, 3, 2, 1853, 'in_progress', 'on_hold', 26, '0', '2022-07-01 12:00:00', NULL),
(100, 169, 1, 1, 1810, 'in_progress', 'processing', 19, '0', ' 2022-06-25 12:00:00', NULL),
(101, 139, 1, 3, 1393, 'in_progress', 'processing', 19, '0', ' 2022-06-25 12:00:00', NULL),
(102, 220, 1, 2, 1596, 'unpaid', 'processing', 30, '0', '2022-06-01 12:00:00', NULL),
(103, 71, 2, 2, 1334, 'in_progress', 'on_hold', 28, '0', '2022-06-01 12:00:00', NULL),
(104, 81, 2, 2, 1089, 'paid', 'processing', 26, '0', '2022-07-01 12:00:00', NULL),
(105, 197, 3, 3, 1923, 'unpaid', 'on_hold', 28, '0', '2022-06-01 12:00:00', NULL),
(106, 192, 1, 2, 1505, 'paid', 'processing', 29, '0', '2022-06-01 12:00:00', NULL),
(107, 135, 2, 1, 1836, 'paid', 'completed', 12, '0', '2022-06-01 12:00:00', NULL),
(108, 99, 1, 1, 1119, 'paid', 'processing', 18, '0', '2022-07-01 12:00:00', NULL),
(109, 98, 1, 2, 1542, 'unpaid', 'on_hold', 16, '0', '2022-07-01 12:00:00', NULL),
(110, 131, 2, 2, 1591, 'unpaid', 'completed', 18, '0', '2022-07-01 12:00:00', NULL),
(111, 100, 1, 2, 1618, 'unpaid', 'on_hold', 24, '0', '2022-06-01 12:00:00', NULL),
(112, 161, 2, 3, 1651, 'paid', 'on_hold', 20, '0', '2022-07-07 12:00:00', NULL),
(113, 112, 3, 2, 1528, 'unpaid', 'on_hold', 23, '0', '2022-06-01 12:00:00', NULL),
(114, 104, 2, 3, 1320, 'unpaid', 'on_hold', 30, '0', '2022-07-07 12:00:00', NULL),
(115, 131, 2, 2, 1652, 'unpaid', 'completed', 19, '0', '2022-07-07 12:00:00', NULL),
(116, 177, 2, 1, 1104, 'paid', 'completed', 22, '0', ' 2022-06-25 12:00:00', NULL),
(117, 90, 3, 3, 1012, 'paid', 'on_hold', 26, '0', '2022-06-01 12:00:00', NULL),
(118, 181, 3, 1, 1329, 'unpaid', 'on_hold', 20, '0', '2022-07-07 12:00:00', NULL),
(119, 199, 3, 3, 1587, 'unpaid', 'processing', 20, '0', '2022-07-07 12:00:00', NULL),
(120, 148, 3, 3, 1904, 'in_progress', 'completed', 27, '0', '2022-07-01 12:00:00', NULL),
(121, 68, 1, 1, 1655, 'in_progress', 'completed', 12, '0', '2022-06-01 12:00:00', NULL),
(122, 92, 1, 3, 1704, 'in_progress', 'on_hold', 30, '0', '2022-07-07 12:00:00', NULL),
(123, 36, 2, 3, 1832, 'in_progress', 'completed', 29, '0', '2022-07-07 12:00:00', NULL),
(124, 129, 2, 1, 1862, 'in_progress', 'completed', 22, '0', '2022-07-07 12:00:00', NULL),
(125, 54, 3, 2, 1909, 'paid', 'completed', 11, '0', ' 2022-06-25 12:00:00', NULL),
(126, 138, 2, 1, 1577, 'paid', 'completed', 29, '0', '2022-07-01 12:00:00', NULL),
(127, 124, 3, 1, 1675, 'unpaid', 'processing', 26, '0', '2022-07-01 12:00:00', NULL),
(128, 220, 1, 2, 1026, 'unpaid', 'on_hold', 21, '0', '2022-06-01 12:00:00', NULL),
(129, 148, 3, 3, 1877, 'unpaid', 'processing', 11, '0', ' 2022-06-25 12:00:00', NULL),
(130, 165, 2, 2, 1867, 'in_progress', 'on_hold', 23, '0', '2022-07-01 12:00:00', NULL),
(131, 95, 3, 2, 1643, 'paid', 'processing', 22, '0', '2022-07-01 12:00:00', NULL),
(132, 155, 2, 3, 1616, 'in_progress', 'completed', 26, '0', '2022-06-01 12:00:00', NULL),
(133, 103, 3, 3, 1152, 'unpaid', 'on_hold', 20, '0', '2022-07-01 12:00:00', NULL),
(134, 66, 1, 3, 1484, 'in_progress', 'processing', 11, '0', '2022-07-07 12:00:00', NULL),
(135, 138, 3, 1, 1937, 'paid', 'processing', 28, '0', '2022-07-01 12:00:00', NULL),
(136, 159, 2, 3, 1340, 'in_progress', 'completed', 18, '0', '2022-06-01 12:00:00', NULL),
(137, 168, 3, 3, 1623, 'paid', 'processing', 15, '0', '2022-07-07 12:00:00', NULL),
(138, 150, 1, 1, 1726, 'paid', 'on_hold', 19, '0', '2022-07-01 12:00:00', NULL),
(139, 89, 1, 3, 1390, 'in_progress', 'on_hold', 11, '0', '2022-07-01 12:00:00', NULL),
(140, 125, 2, 3, 1633, 'in_progress', 'on_hold', 26, '0', '2022-07-01 12:00:00', NULL),
(141, 187, 2, 1, 1164, 'paid', 'on_hold', 28, '0', '2022-07-07 12:00:00', NULL),
(142, 69, 1, 3, 1730, 'in_progress', 'processing', 22, '0', ' 2022-06-25 12:00:00', NULL),
(143, 140, 2, 3, 1506, 'unpaid', 'completed', 27, '0', '2022-07-07 12:00:00', NULL),
(144, 47, 1, 3, 1847, 'in_progress', 'on_hold', 15, '0', ' 2022-06-25 12:00:00', NULL),
(145, 128, 3, 3, 1710, 'in_progress', 'completed', 17, '0', '2022-07-07 12:00:00', NULL),
(146, 175, 2, 2, 1353, 'unpaid', 'completed', 13, '0', ' 2022-06-25 12:00:00', NULL),
(147, 171, 3, 2, 1103, 'unpaid', 'processing', 11, '0', '2022-06-01 12:00:00', NULL),
(148, 124, 1, 2, 1711, 'in_progress', 'completed', 19, '0', '2022-06-01 12:00:00', NULL),
(149, 150, 3, 2, 1960, 'paid', 'completed', 27, '0', '2022-06-01 12:00:00', NULL),
(150, 218, 2, 1, 1224, 'in_progress', 'processing', 22, '0', ' 2022-06-25 12:00:00', NULL),
(151, 202, 3, 2, 1257, 'unpaid', 'completed', 11, '0', '2022-07-07 12:00:00', NULL),
(152, 176, 1, 2, 1322, 'in_progress', 'on_hold', 23, '0', '2022-06-01 12:00:00', NULL),
(153, 217, 1, 1, 1073, 'unpaid', 'completed', 25, '0', '2022-07-07 12:00:00', NULL),
(154, 44, 2, 2, 1456, 'unpaid', 'completed', 28, '0', '2022-07-07 12:00:00', NULL),
(155, 210, 3, 2, 1900, 'unpaid', 'processing', 18, '0', '2022-07-01 12:00:00', NULL),
(156, 174, 3, 1, 1836, 'paid', 'on_hold', 12, '0', '2022-06-01 12:00:00', NULL),
(157, 48, 2, 3, 1738, 'in_progress', 'on_hold', 17, '0', ' 2022-06-25 12:00:00', NULL),
(158, 223, 1, 1, 1149, 'in_progress', 'on_hold', 25, '0', '2022-06-01 12:00:00', NULL),
(159, 172, 1, 3, 1359, 'paid', 'completed', 11, '0', '2022-07-07 12:00:00', NULL),
(160, 210, 1, 1, 1597, 'in_progress', 'processing', 18, '0', '2022-06-01 12:00:00', NULL),
(161, 158, 1, 2, 1965, 'paid', 'processing', 23, '0', '2022-07-01 12:00:00', NULL),
(162, 79, 1, 1, 1501, 'in_progress', 'completed', 13, '0', '2022-06-01 12:00:00', NULL),
(163, 153, 3, 3, 1285, 'in_progress', 'completed', 26, '0', ' 2022-06-25 12:00:00', NULL),
(164, 85, 3, 1, 1297, 'in_progress', 'on_hold', 28, '0', ' 2022-06-25 12:00:00', NULL),
(165, 170, 2, 1, 1693, 'unpaid', 'on_hold', 18, '0', '2022-06-01 12:00:00', NULL),
(166, 53, 1, 1, 1296, 'paid', 'completed', 27, '0', '2022-07-07 12:00:00', NULL),
(167, 62, 1, 1, 1840, 'in_progress', 'completed', 27, '0', '2022-07-07 12:00:00', NULL),
(168, 48, 3, 2, 1291, 'in_progress', 'completed', 29, '0', '2022-07-01 12:00:00', NULL),
(169, 84, 2, 3, 1482, 'paid', 'on_hold', 20, '0', ' 2022-06-25 12:00:00', NULL),
(170, 80, 2, 1, 1600, 'unpaid', 'on_hold', 12, '0', '2022-06-01 12:00:00', NULL),
(171, 90, 1, 2, 1233, 'unpaid', 'completed', 14, '0', '2022-07-01 12:00:00', NULL),
(172, 174, 2, 1, 1262, 'unpaid', 'processing', 21, '0', ' 2022-06-25 12:00:00', NULL),
(173, 69, 2, 2, 1773, 'paid', 'completed', 16, '0', '2022-06-01 12:00:00', NULL),
(174, 83, 1, 1, 1280, 'in_progress', 'on_hold', 20, '0', ' 2022-06-25 12:00:00', NULL),
(175, 50, 2, 2, 1874, 'unpaid', 'on_hold', 20, '0', '2022-07-07 12:00:00', NULL),
(176, 98, 2, 3, 1696, 'unpaid', 'on_hold', 23, '0', ' 2022-06-25 12:00:00', NULL),
(177, 81, 3, 3, 1841, 'in_progress', 'on_hold', 23, '0', '2022-07-07 12:00:00', NULL),
(178, 216, 1, 2, 1878, 'unpaid', 'processing', 21, '0', '2022-07-01 12:00:00', NULL),
(179, 205, 2, 1, 1252, 'unpaid', 'completed', 24, '0', ' 2022-06-25 12:00:00', NULL),
(180, 198, 1, 1, 1436, 'unpaid', 'on_hold', 19, '0', '2022-07-01 12:00:00', NULL),
(181, 86, 3, 1, 1546, 'in_progress', 'processing', 25, '0', '2022-07-01 12:00:00', NULL),
(182, 94, 3, 3, 1445, 'unpaid', 'completed', 26, '0', '2022-07-07 12:00:00', NULL),
(183, 171, 1, 3, 1481, 'unpaid', 'on_hold', 24, '0', '2022-07-07 12:00:00', NULL),
(184, 182, 3, 1, 1539, 'paid', 'processing', 12, '0', ' 2022-06-25 12:00:00', NULL),
(185, 207, 2, 3, 1814, 'paid', 'completed', 14, '0', ' 2022-06-25 12:00:00', NULL),
(186, 116, 3, 3, 1729, 'unpaid', 'completed', 11, '0', '2022-06-01 12:00:00', NULL),
(187, 119, 1, 1, 1179, 'unpaid', 'on_hold', 25, '0', '2022-07-07 12:00:00', NULL),
(188, 55, 1, 2, 1183, 'paid', 'on_hold', 21, '0', ' 2022-06-25 12:00:00', NULL),
(189, 35, 1, 2, 1197, 'in_progress', 'processing', 14, '0', ' 2022-06-25 12:00:00', NULL),
(190, 143, 3, 2, 1368, 'in_progress', 'completed', 17, '0', '2022-07-01 12:00:00', NULL),
(191, 63, 3, 2, 1116, 'paid', 'processing', 30, '0', ' 2022-06-25 12:00:00', NULL),
(192, 127, 3, 2, 1042, 'in_progress', 'processing', 18, '0', '2022-06-01 12:00:00', NULL),
(193, 163, 3, 1, 1191, 'unpaid', 'processing', 18, '0', '2022-07-07 12:00:00', NULL),
(194, 59, 3, 3, 1278, 'in_progress', 'completed', 16, '0', '2022-06-01 12:00:00', NULL),
(195, 155, 2, 2, 1848, 'unpaid', 'completed', 22, '0', '2022-07-07 12:00:00', NULL),
(196, 165, 1, 3, 1994, 'unpaid', 'processing', 17, '0', ' 2022-06-25 12:00:00', NULL),
(197, 229, 2, 2, 1901, 'in_progress', 'processing', 29, '0', '2022-06-01 12:00:00', NULL),
(198, 54, 3, 2, 1118, 'in_progress', 'on_hold', 25, '0', ' 2022-06-25 12:00:00', NULL),
(199, 192, 3, 2, 1332, 'unpaid', 'completed', 20, '0', '2022-06-01 12:00:00', NULL),
(200, 153, 3, 3, 1741, 'paid', 'processing', 23, '0', '2022-06-01 12:00:00', NULL),
(201, 154, 2, 3, 1662, 'paid', 'processing', 28, '0', '2022-06-01 12:00:00', NULL),
(202, 195, 1, 1, 1675, 'unpaid', 'processing', 17, '0', ' 2022-06-25 12:00:00', NULL),
(203, 61, 1, 2, 1742, 'unpaid', 'processing', 30, '0', ' 2022-06-25 12:00:00', NULL),
(204, 152, 3, 3, 1315, 'paid', 'on_hold', 20, '0', '2022-07-01 12:00:00', NULL),
(205, 140, 3, 1, 1779, 'paid', 'processing', 16, '0', ' 2022-06-25 12:00:00', NULL),
(206, 110, 1, 1, 1991, 'in_progress', 'completed', 15, '0', '2022-07-01 12:00:00', NULL),
(207, 211, 3, 2, 1213, 'unpaid', 'processing', 19, '0', '2022-07-01 12:00:00', NULL),
(208, 94, 1, 3, 1198, 'in_progress', 'processing', 15, '0', '2022-06-01 12:00:00', NULL),
(209, 179, 1, 2, 1271, 'in_progress', 'processing', 27, '0', '2022-06-01 12:00:00', NULL),
(210, 206, 2, 2, 1137, 'paid', 'on_hold', 25, '0', '2022-07-07 12:00:00', NULL),
(211, 34, 3, 1, 1770, 'unpaid', 'on_hold', 19, '0', '2022-07-01 12:00:00', NULL),
(212, 32, 2, 2, 1791, 'unpaid', 'on_hold', 22, '0', '2022-06-01 12:00:00', NULL),
(213, 51, 1, 1, 1087, 'unpaid', 'completed', 11, '0', ' 2022-06-25 12:00:00', NULL),
(214, 141, 1, 1, 1662, 'unpaid', 'processing', 13, '0', '2022-06-01 12:00:00', NULL),
(215, 75, 3, 1, 1846, 'in_progress', 'on_hold', 14, '0', ' 2022-06-25 12:00:00', NULL),
(216, 136, 3, 3, 1593, 'in_progress', 'processing', 24, '0', '2022-07-01 12:00:00', NULL),
(217, 230, 2, 2, 1590, 'in_progress', 'completed', 30, '0', '2022-07-01 12:00:00', NULL),
(218, 141, 1, 2, 1000, 'unpaid', 'completed', 21, '0', '2022-07-01 12:00:00', NULL),
(219, 71, 2, 2, 1032, 'in_progress', 'processing', 17, '0', '2022-06-01 12:00:00', NULL),
(220, 54, 1, 3, 1948, 'in_progress', 'processing', 30, '0', '2022-06-01 12:00:00', NULL),
(221, 112, 1, 2, 1415, 'unpaid', 'completed', 17, '0', '2022-07-01 12:00:00', NULL),
(222, 133, 2, 3, 1139, 'paid', 'on_hold', 19, '0', '2022-07-01 12:00:00', NULL),
(223, 174, 3, 1, 1343, 'unpaid', 'on_hold', 21, '0', '2022-07-01 12:00:00', NULL),
(224, 228, 1, 3, 1496, 'in_progress', 'processing', 29, '0', ' 2022-06-25 12:00:00', NULL),
(225, 166, 1, 3, 1776, 'in_progress', 'on_hold', 30, '0', '2022-07-01 12:00:00', NULL),
(226, 118, 1, 3, 1419, 'unpaid', 'completed', 30, '0', '2022-07-01 12:00:00', NULL),
(227, 145, 2, 3, 1310, 'unpaid', 'processing', 19, '0', ' 2022-06-25 12:00:00', NULL),
(228, 163, 2, 3, 1025, 'unpaid', 'completed', 29, '0', '2022-07-01 12:00:00', NULL),
(229, 215, 3, 1, 1729, 'unpaid', 'completed', 26, '0', '2022-07-01 12:00:00', NULL),
(230, 171, 2, 3, 1529, 'paid', 'processing', 20, '0', ' 2022-06-25 12:00:00', NULL),
(231, 75, 1, 3, 1466, 'paid', 'on_hold', 19, '0', ' 2022-06-25 12:00:00', NULL),
(232, 149, 1, 1, 1382, 'paid', 'processing', 23, '0', '2022-06-01 12:00:00', NULL),
(233, 51, 3, 3, 1385, 'paid', 'completed', 30, '0', '2022-07-01 12:00:00', NULL),
(234, 223, 2, 2, 1966, 'paid', 'completed', 19, '0', '2022-07-01 12:00:00', NULL),
(235, 75, 2, 3, 1277, 'unpaid', 'completed', 18, '0', '2022-07-07 12:00:00', NULL),
(236, 146, 1, 2, 1978, 'paid', 'on_hold', 25, '0', ' 2022-06-25 12:00:00', NULL),
(237, 173, 3, 2, 1964, 'unpaid', 'on_hold', 17, '0', '2022-06-01 12:00:00', NULL),
(238, 197, 3, 1, 1156, 'unpaid', 'processing', 14, '0', '2022-06-01 12:00:00', NULL),
(239, 217, 1, 2, 1465, 'unpaid', 'completed', 23, '0', '2022-06-01 12:00:00', NULL),
(240, 38, 3, 3, 1418, 'unpaid', 'on_hold', 16, '0', ' 2022-06-25 12:00:00', NULL),
(241, 213, 1, 2, 1682, 'unpaid', 'completed', 13, '0', '2022-07-07 12:00:00', NULL),
(242, 194, 1, 1, 1713, 'unpaid', 'completed', 13, '0', ' 2022-06-25 12:00:00', NULL),
(243, 174, 2, 1, 1451, 'in_progress', 'completed', 20, '0', '2022-06-01 12:00:00', NULL),
(244, 40, 3, 1, 1472, 'paid', 'processing', 23, '0', '2022-07-01 12:00:00', NULL),
(245, 107, 3, 1, 1954, 'paid', 'on_hold', 29, '0', '2022-07-07 12:00:00', NULL),
(246, 44, 3, 2, 1243, 'in_progress', 'on_hold', 27, '0', '2022-07-07 12:00:00', NULL),
(247, 221, 3, 2, 1181, 'unpaid', 'processing', 23, '0', '2022-06-01 12:00:00', NULL),
(248, 61, 1, 3, 1649, 'paid', 'completed', 27, '0', '2022-06-01 12:00:00', NULL),
(249, 59, 3, 2, 1327, 'in_progress', 'completed', 25, '0', '2022-07-07 12:00:00', NULL),
(250, 187, 1, 3, 1478, 'in_progress', 'completed', 22, '0', '2022-07-07 12:00:00', NULL),
(251, 199, 1, 2, 1896, 'paid', 'completed', 18, '0', '2022-07-01 12:00:00', NULL),
(252, 124, 2, 2, 1922, 'in_progress', 'on_hold', 26, '0', '2022-06-01 12:00:00', NULL),
(253, 167, 3, 2, 1406, 'in_progress', 'completed', 19, '0', '2022-06-01 12:00:00', NULL),
(254, 43, 2, 1, 1810, 'unpaid', 'completed', 24, '0', '2022-06-01 12:00:00', NULL),
(255, 82, 2, 3, 1115, 'paid', 'processing', 28, '0', ' 2022-06-25 12:00:00', NULL),
(256, 148, 1, 1, 1895, 'in_progress', 'processing', 18, '0', '2022-07-01 12:00:00', NULL),
(257, 189, 3, 3, 1300, 'unpaid', 'completed', 17, '0', ' 2022-06-25 12:00:00', NULL),
(258, 127, 1, 1, 1533, 'unpaid', 'on_hold', 26, '0', ' 2022-06-25 12:00:00', NULL),
(259, 148, 1, 3, 1215, 'in_progress', 'on_hold', 14, '0', '2022-06-01 12:00:00', NULL),
(260, 216, 1, 2, 1929, 'unpaid', 'processing', 14, '0', ' 2022-06-25 12:00:00', NULL),
(261, 43, 3, 2, 1066, 'paid', 'on_hold', 24, '0', '2022-07-01 12:00:00', NULL),
(262, 98, 3, 3, 1901, 'unpaid', 'on_hold', 28, '0', '2022-07-01 12:00:00', NULL),
(263, 149, 3, 1, 1730, 'paid', 'completed', 19, '0', '2022-07-07 12:00:00', NULL),
(264, 224, 2, 3, 1316, 'unpaid', 'processing', 21, '0', '2022-06-01 12:00:00', NULL),
(265, 130, 3, 1, 1351, 'unpaid', 'completed', 13, '0', '2022-07-01 12:00:00', NULL),
(266, 39, 1, 1, 1056, 'in_progress', 'on_hold', 20, '0', '2022-07-07 12:00:00', NULL),
(267, 217, 2, 3, 1031, 'paid', 'on_hold', 26, '0', '2022-07-07 12:00:00', NULL),
(268, 220, 2, 2, 1182, 'paid', 'processing', 23, '0', '2022-06-01 12:00:00', NULL),
(269, 153, 1, 1, 1253, 'in_progress', 'on_hold', 29, '0', ' 2022-06-25 12:00:00', NULL),
(270, 59, 1, 1, 1073, 'unpaid', 'processing', 22, '0', '2022-06-01 12:00:00', NULL),
(271, 156, 3, 2, 1663, 'unpaid', 'on_hold', 25, '0', '2022-06-01 12:00:00', NULL),
(272, 146, 2, 1, 1357, 'paid', 'completed', 18, '0', '2022-07-07 12:00:00', NULL),
(273, 200, 1, 1, 1392, 'unpaid', 'processing', 26, '0', ' 2022-06-25 12:00:00', NULL),
(274, 98, 2, 3, 1873, 'paid', 'on_hold', 16, '0', '2022-07-07 12:00:00', NULL),
(275, 129, 1, 2, 1081, 'in_progress', 'completed', 13, '0', '2022-06-01 12:00:00', NULL),
(276, 163, 3, 1, 1212, 'paid', 'on_hold', 21, '0', ' 2022-06-25 12:00:00', NULL),
(277, 53, 1, 1, 1911, 'paid', 'completed', 25, '0', '2022-07-01 12:00:00', NULL),
(278, 34, 3, 1, 1138, 'paid', 'processing', 16, '0', '2022-07-01 12:00:00', NULL),
(279, 189, 2, 3, 1262, 'paid', 'on_hold', 13, '0', '2022-07-07 12:00:00', NULL),
(280, 93, 3, 3, 1117, 'paid', 'on_hold', 25, '0', '2022-07-01 12:00:00', NULL),
(281, 173, 2, 1, 1017, 'in_progress', 'completed', 14, '0', '2022-07-07 12:00:00', NULL),
(282, 104, 3, 2, 1987, 'paid', 'processing', 19, '0', '2022-06-01 12:00:00', NULL),
(283, 72, 1, 2, 1627, 'in_progress', 'completed', 28, '0', '2022-07-07 12:00:00', NULL),
(284, 175, 1, 2, 1874, 'in_progress', 'on_hold', 13, '0', '2022-07-01 12:00:00', NULL),
(285, 97, 2, 2, 1885, 'in_progress', 'on_hold', 29, '0', '2022-07-01 12:00:00', NULL),
(286, 129, 3, 1, 1726, 'unpaid', 'completed', 28, '0', '2022-07-07 12:00:00', NULL),
(287, 157, 1, 3, 1083, 'unpaid', 'on_hold', 24, '0', '2022-07-01 12:00:00', NULL),
(288, 86, 1, 3, 1890, 'paid', 'on_hold', 13, '0', '2022-07-01 12:00:00', NULL),
(289, 208, 3, 2, 1228, 'unpaid', 'processing', 18, '0', ' 2022-06-25 12:00:00', NULL),
(290, 143, 1, 1, 1011, 'paid', 'processing', 25, '0', '2022-07-01 12:00:00', NULL),
(291, 229, 3, 1, 1380, 'unpaid', 'processing', 23, '0', '2022-07-07 12:00:00', NULL),
(292, 110, 3, 3, 1021, 'unpaid', 'on_hold', 13, '0', '2022-07-07 12:00:00', NULL),
(293, 183, 2, 3, 1329, 'in_progress', 'processing', 30, '0', '2022-07-01 12:00:00', NULL),
(294, 155, 2, 2, 1209, 'paid', 'completed', 25, '0', '2022-07-01 12:00:00', NULL),
(295, 76, 1, 3, 1731, 'paid', 'completed', 21, '0', ' 2022-06-25 12:00:00', NULL),
(296, 199, 1, 2, 1163, 'paid', 'processing', 17, '0', '2022-07-01 12:00:00', NULL),
(297, 142, 1, 2, 1650, 'paid', 'on_hold', 21, '0', ' 2022-06-25 12:00:00', NULL),
(298, 184, 3, 1, 1420, 'paid', 'completed', 14, '0', '2022-06-01 12:00:00', NULL),
(299, 34, 3, 3, 1760, 'unpaid', 'processing', 25, '0', '2022-06-01 12:00:00', NULL),
(300, 134, 2, 2, 1101, 'paid', 'on_hold', 20, '0', '2022-07-07 12:00:00', NULL),
(301, 140, 3, 1, 1410, 'in_progress', 'processing', 21, '0', ' 2022-06-25 12:00:00', NULL),
(302, 60, 1, 1, 1117, 'paid', 'completed', 27, '0', '2022-07-01 12:00:00', NULL),
(303, 209, 2, 1, 1265, 'unpaid', 'processing', 15, '0', ' 2022-06-25 12:00:00', NULL),
(304, 41, 1, 3, 1772, 'paid', 'completed', 12, '0', '2022-07-01 12:00:00', NULL),
(305, 197, 1, 3, 1023, 'unpaid', 'processing', 24, '0', ' 2022-06-25 12:00:00', NULL),
(306, 211, 1, 1, 1032, 'paid', 'on_hold', 30, '0', '2022-07-07 12:00:00', NULL),
(307, 65, 1, 3, 1378, 'unpaid', 'on_hold', 19, '0', ' 2022-06-25 12:00:00', NULL),
(308, 119, 3, 2, 1957, 'in_progress', 'processing', 27, '0', '2022-07-07 12:00:00', NULL),
(309, 205, 3, 2, 1855, 'in_progress', 'completed', 29, '0', ' 2022-06-25 12:00:00', NULL),
(310, 120, 2, 1, 1463, 'in_progress', 'on_hold', 25, '0', '2022-07-01 12:00:00', NULL),
(311, 171, 2, 3, 1389, 'in_progress', 'processing', 26, '0', '2022-07-01 12:00:00', NULL),
(312, 108, 2, 1, 1239, 'unpaid', 'on_hold', 21, '0', ' 2022-06-25 12:00:00', NULL),
(313, 178, 1, 1, 1814, 'in_progress', 'completed', 30, '0', ' 2022-06-25 12:00:00', NULL),
(314, 214, 3, 3, 1691, 'unpaid', 'on_hold', 25, '0', '2022-07-01 12:00:00', NULL),
(315, 207, 3, 2, 1491, 'paid', 'on_hold', 24, '0', '2022-07-07 12:00:00', NULL),
(316, 115, 3, 1, 1830, 'unpaid', 'processing', 18, '0', '2022-07-07 12:00:00', NULL),
(317, 139, 1, 1, 1206, 'paid', 'completed', 15, '0', '2022-07-01 12:00:00', NULL),
(318, 156, 2, 3, 1479, 'unpaid', 'processing', 19, '0', ' 2022-06-25 12:00:00', NULL),
(319, 36, 2, 2, 1436, 'paid', 'on_hold', 25, '0', '2022-06-01 12:00:00', NULL),
(320, 214, 2, 2, 1611, 'in_progress', 'processing', 21, '0', '2022-07-07 12:00:00', NULL),
(321, 209, 1, 1, 1825, 'unpaid', 'completed', 24, '0', '2022-07-01 12:00:00', NULL),
(322, 115, 1, 3, 1917, 'in_progress', 'processing', 23, '0', ' 2022-06-25 12:00:00', NULL),
(323, 96, 1, 2, 1451, 'in_progress', 'completed', 20, '0', '2022-07-01 12:00:00', NULL),
(324, 46, 1, 2, 1285, 'in_progress', 'on_hold', 21, '0', '2022-07-07 12:00:00', NULL),
(325, 199, 2, 1, 1924, 'paid', 'completed', 30, '0', ' 2022-06-25 12:00:00', NULL),
(326, 152, 3, 1, 1131, 'in_progress', 'completed', 17, '0', '2022-07-07 12:00:00', NULL),
(327, 61, 1, 1, 1639, 'unpaid', 'processing', 24, '0', '2022-06-01 12:00:00', NULL),
(328, 52, 1, 2, 1189, 'paid', 'on_hold', 30, '0', '2022-07-01 12:00:00', NULL),
(329, 195, 1, 2, 1456, 'in_progress', 'processing', 28, '0', '2022-06-01 12:00:00', NULL),
(330, 180, 1, 1, 1955, 'paid', 'processing', 16, '0', '2022-07-01 12:00:00', NULL),
(331, 75, 1, 2, 1624, 'in_progress', 'on_hold', 28, '0', '2022-06-01 12:00:00', NULL),
(332, 212, 3, 2, 1499, 'paid', 'completed', 13, '0', '2022-07-01 12:00:00', NULL),
(333, 213, 1, 3, 1809, 'in_progress', 'on_hold', 23, '0', '2022-06-01 12:00:00', NULL),
(334, 53, 1, 1, 1672, 'unpaid', 'completed', 23, '0', '2022-07-01 12:00:00', NULL),
(335, 201, 1, 1, 1840, 'paid', 'completed', 15, '0', '2022-07-01 12:00:00', NULL),
(336, 132, 3, 3, 1566, 'paid', 'processing', 26, '0', '2022-07-01 12:00:00', NULL),
(337, 139, 2, 3, 1544, 'unpaid', 'completed', 23, '0', '2022-07-01 12:00:00', NULL),
(338, 81, 3, 2, 1318, 'in_progress', 'processing', 16, '0', '2022-07-01 12:00:00', NULL),
(339, 148, 1, 3, 1337, 'paid', 'completed', 15, '0', '2022-06-01 12:00:00', NULL),
(340, 84, 2, 2, 1769, 'in_progress', 'completed', 13, '0', ' 2022-06-25 12:00:00', NULL),
(341, 78, 3, 3, 1309, 'unpaid', 'completed', 11, '0', ' 2022-06-25 12:00:00', NULL),
(342, 133, 2, 1, 1833, 'paid', 'on_hold', 28, '0', '2022-07-01 12:00:00', NULL),
(343, 98, 3, 3, 1385, 'unpaid', 'processing', 29, '0', ' 2022-06-25 12:00:00', NULL),
(344, 216, 1, 3, 1478, 'paid', 'completed', 26, '0', ' 2022-06-25 12:00:00', NULL),
(345, 163, 2, 1, 1776, 'unpaid', 'on_hold', 25, '0', ' 2022-06-25 12:00:00', NULL),
(346, 132, 2, 1, 1618, 'paid', 'completed', 28, '0', ' 2022-06-25 12:00:00', NULL),
(347, 182, 2, 1, 1849, 'paid', 'on_hold', 24, '0', ' 2022-06-25 12:00:00', NULL),
(348, 175, 1, 3, 1022, 'unpaid', 'completed', 14, '0', '2022-07-01 12:00:00', NULL),
(349, 123, 2, 3, 1474, 'unpaid', 'completed', 22, '0', ' 2022-06-25 12:00:00', NULL),
(350, 45, 3, 2, 1584, 'paid', 'completed', 23, '0', '2022-06-01 12:00:00', NULL),
(351, 157, 2, 2, 1220, 'unpaid', 'completed', 16, '0', '2022-07-01 12:00:00', NULL),
(352, 53, 2, 2, 1355, 'in_progress', 'processing', 23, '0', '2022-07-07 12:00:00', NULL),
(353, 152, 2, 1, 1733, 'paid', 'completed', 29, '0', ' 2022-06-25 12:00:00', NULL),
(354, 103, 3, 2, 1126, 'unpaid', 'processing', 29, '0', '2022-06-01 12:00:00', NULL),
(355, 193, 2, 1, 1897, 'unpaid', 'on_hold', 17, '0', ' 2022-06-25 12:00:00', NULL),
(356, 200, 2, 3, 1304, 'unpaid', 'on_hold', 25, '0', '2022-06-01 12:00:00', NULL),
(357, 179, 1, 3, 1852, 'in_progress', 'completed', 20, '0', '2022-07-07 12:00:00', NULL),
(358, 33, 1, 2, 1089, 'in_progress', 'completed', 15, '0', '2022-07-01 12:00:00', NULL),
(359, 46, 2, 1, 1479, 'paid', 'on_hold', 28, '0', ' 2022-06-25 12:00:00', NULL),
(360, 120, 1, 3, 1462, 'paid', 'completed', 23, '0', ' 2022-06-25 12:00:00', NULL),
(361, 155, 2, 1, 1865, 'paid', 'completed', 28, '0', '2022-07-07 12:00:00', NULL),
(362, 81, 1, 2, 1632, 'paid', 'on_hold', 11, '0', '2022-07-07 12:00:00', NULL),
(363, 50, 1, 1, 1336, 'unpaid', 'on_hold', 21, '0', '2022-07-01 12:00:00', NULL),
(364, 102, 3, 3, 1099, 'in_progress', 'on_hold', 17, '0', '2022-07-01 12:00:00', NULL),
(365, 34, 2, 1, 1468, 'in_progress', 'processing', 11, '0', '2022-07-01 12:00:00', NULL),
(366, 186, 2, 3, 1689, 'paid', 'on_hold', 15, '0', '2022-07-01 12:00:00', NULL),
(367, 133, 2, 1, 1027, 'unpaid', 'processing', 19, '0', '2022-06-01 12:00:00', NULL),
(368, 207, 3, 3, 1092, 'unpaid', 'completed', 29, '0', '2022-07-01 12:00:00', NULL),
(369, 57, 1, 1, 1714, 'unpaid', 'processing', 29, '0', '2022-07-07 12:00:00', NULL),
(370, 49, 1, 2, 1453, 'in_progress', 'on_hold', 24, '0', ' 2022-06-25 12:00:00', NULL),
(371, 141, 1, 1, 1402, 'unpaid', 'processing', 29, '0', '2022-07-07 12:00:00', NULL),
(372, 159, 1, 1, 1298, 'in_progress', 'processing', 21, '0', ' 2022-06-25 12:00:00', NULL),
(373, 124, 2, 2, 1878, 'unpaid', 'completed', 30, '0', '2022-07-07 12:00:00', NULL),
(374, 38, 3, 1, 1708, 'paid', 'on_hold', 22, '0', '2022-07-01 12:00:00', NULL),
(375, 35, 3, 3, 1844, 'in_progress', 'on_hold', 21, '0', '2022-06-01 12:00:00', NULL),
(376, 74, 3, 2, 1139, 'unpaid', 'completed', 25, '0', '2022-07-07 12:00:00', NULL),
(377, 153, 2, 2, 1732, 'paid', 'on_hold', 11, '0', '2022-06-01 12:00:00', NULL),
(378, 224, 3, 2, 1217, 'in_progress', 'completed', 18, '0', '2022-07-01 12:00:00', NULL),
(379, 96, 3, 2, 1150, 'unpaid', 'processing', 19, '0', '2022-06-01 12:00:00', NULL),
(380, 76, 3, 1, 1658, 'paid', 'processing', 27, '0', ' 2022-06-25 12:00:00', NULL),
(381, 134, 3, 3, 1822, 'paid', 'on_hold', 29, '0', '2022-06-01 12:00:00', NULL),
(382, 156, 3, 1, 1353, 'paid', 'processing', 24, '0', '2022-07-07 12:00:00', NULL),
(383, 33, 3, 3, 1885, 'paid', 'processing', 18, '0', '2022-07-01 12:00:00', NULL),
(384, 83, 1, 1, 1236, 'in_progress', 'processing', 14, '0', '2022-07-01 12:00:00', NULL),
(385, 213, 2, 1, 1895, 'in_progress', 'processing', 27, '0', '2022-07-01 12:00:00', NULL),
(386, 182, 3, 3, 1061, 'unpaid', 'processing', 19, '0', '2022-07-01 12:00:00', NULL),
(387, 93, 2, 1, 1143, 'paid', 'completed', 24, '0', ' 2022-06-25 12:00:00', NULL),
(388, 178, 2, 3, 1168, 'in_progress', 'completed', 29, '0', '2022-06-01 12:00:00', NULL),
(389, 62, 2, 1, 1769, 'unpaid', 'completed', 26, '0', '2022-07-07 12:00:00', NULL),
(390, 116, 2, 2, 1092, 'in_progress', 'on_hold', 14, '0', '2022-07-07 12:00:00', NULL),
(391, 193, 2, 2, 1879, 'unpaid', 'on_hold', 30, '0', '2022-07-07 12:00:00', NULL),
(392, 79, 3, 3, 1236, 'in_progress', 'completed', 11, '0', '2022-07-07 12:00:00', NULL),
(393, 45, 3, 3, 1728, 'in_progress', 'on_hold', 21, '0', ' 2022-06-25 12:00:00', NULL),
(394, 73, 3, 1, 1775, 'in_progress', 'completed', 14, '0', ' 2022-06-25 12:00:00', NULL),
(395, 153, 2, 3, 1513, 'unpaid', 'completed', 19, '0', '2022-06-01 12:00:00', NULL),
(396, 55, 2, 1, 1970, 'unpaid', 'on_hold', 28, '0', ' 2022-06-25 12:00:00', NULL),
(397, 82, 2, 2, 1277, 'unpaid', 'processing', 14, '0', '2022-07-01 12:00:00', NULL),
(398, 198, 3, 3, 1473, 'paid', 'on_hold', 17, '0', '2022-07-01 12:00:00', NULL),
(399, 78, 2, 1, 1580, 'in_progress', 'completed', 19, '0', '2022-07-01 12:00:00', NULL),
(400, 122, 3, 1, 1231, 'unpaid', 'completed', 23, '0', '2022-06-01 12:00:00', NULL),
(401, 166, 3, 3, 1699, 'paid', 'completed', 23, '0', '2022-07-01 12:00:00', NULL),
(402, 130, 3, 1, 1098, 'in_progress', 'processing', 28, '0', '2022-07-01 12:00:00', NULL),
(403, 166, 2, 2, 1071, 'in_progress', 'on_hold', 16, '0', '2022-06-01 12:00:00', NULL),
(404, 221, 1, 1, 1324, 'unpaid', 'processing', 24, '0', '2022-07-01 12:00:00', NULL),
(405, 100, 2, 2, 1968, 'paid', 'processing', 22, '0', '2022-07-01 12:00:00', NULL),
(406, 131, 2, 3, 1819, 'paid', 'completed', 26, '0', ' 2022-06-25 12:00:00', NULL),
(407, 176, 1, 2, 1751, 'paid', 'on_hold', 30, '0', '2022-07-07 12:00:00', NULL),
(408, 101, 1, 2, 1254, 'paid', 'on_hold', 26, '0', '2022-07-07 12:00:00', NULL),
(409, 74, 2, 2, 1964, 'in_progress', 'completed', 20, '0', ' 2022-06-25 12:00:00', NULL),
(410, 46, 1, 2, 1187, 'unpaid', 'on_hold', 11, '0', '2022-06-01 12:00:00', NULL),
(411, 121, 2, 2, 1233, 'unpaid', 'processing', 22, '0', '2022-07-01 12:00:00', NULL),
(412, 170, 2, 2, 1836, 'unpaid', 'completed', 17, '0', '2022-07-01 12:00:00', NULL),
(413, 49, 3, 1, 1923, 'in_progress', 'on_hold', 16, '0', '2022-06-01 12:00:00', NULL),
(414, 120, 2, 1, 1295, 'unpaid', 'on_hold', 14, '0', '2022-07-01 12:00:00', NULL),
(415, 208, 1, 1, 1803, 'in_progress', 'on_hold', 29, '0', ' 2022-06-25 12:00:00', NULL),
(416, 174, 3, 2, 1990, 'unpaid', 'processing', 11, '0', '2022-07-01 12:00:00', NULL),
(417, 33, 1, 3, 1243, 'unpaid', 'on_hold', 26, '0', ' 2022-06-25 12:00:00', NULL),
(418, 33, 2, 2, 1355, 'in_progress', 'processing', 30, '0', '2022-07-07 12:00:00', NULL),
(419, 142, 2, 1, 1139, 'unpaid', 'processing', 27, '0', ' 2022-06-25 12:00:00', NULL),
(420, 164, 3, 1, 1855, 'paid', 'completed', 17, '0', '2022-06-01 12:00:00', NULL),
(421, 83, 3, 3, 1336, 'in_progress', 'on_hold', 14, '0', '2022-07-07 12:00:00', NULL),
(422, 47, 3, 2, 1919, 'in_progress', 'on_hold', 15, '0', ' 2022-06-25 12:00:00', NULL),
(423, 201, 3, 2, 1209, 'paid', 'processing', 25, '0', '2022-07-07 12:00:00', NULL),
(424, 106, 1, 1, 1600, 'in_progress', 'on_hold', 26, '0', ' 2022-06-25 12:00:00', NULL),
(425, 171, 2, 1, 1993, 'in_progress', 'on_hold', 30, '0', ' 2022-06-25 12:00:00', NULL),
(426, 127, 1, 3, 1482, 'unpaid', 'on_hold', 17, '0', ' 2022-06-25 12:00:00', NULL),
(427, 222, 2, 1, 1899, 'paid', 'completed', 19, '0', '2022-06-01 12:00:00', NULL),
(428, 129, 2, 3, 1390, 'unpaid', 'completed', 18, '0', '2022-07-07 12:00:00', NULL),
(429, 41, 3, 1, 1989, 'unpaid', 'on_hold', 18, '0', ' 2022-06-25 12:00:00', NULL),
(430, 99, 3, 2, 1223, 'in_progress', 'processing', 19, '0', '2022-07-07 12:00:00', NULL),
(431, 143, 3, 3, 1758, 'unpaid', 'completed', 24, '0', '2022-07-07 12:00:00', NULL),
(432, 52, 1, 1, 1705, 'in_progress', 'on_hold', 17, '0', '2022-06-01 12:00:00', NULL),
(433, 219, 2, 3, 1513, 'in_progress', 'on_hold', 20, '0', ' 2022-06-25 12:00:00', NULL),
(434, 152, 1, 2, 1706, 'in_progress', 'on_hold', 29, '0', '2022-06-01 12:00:00', NULL),
(435, 154, 3, 2, 1759, 'unpaid', 'completed', 22, '0', '2022-07-01 12:00:00', NULL),
(436, 61, 1, 2, 1366, 'paid', 'completed', 28, '0', '2022-07-01 12:00:00', NULL),
(437, 188, 1, 3, 1715, 'paid', 'processing', 11, '0', '2022-06-01 12:00:00', NULL),
(438, 231, 2, 1, 1246, 'unpaid', 'on_hold', 19, '0', ' 2022-06-25 12:00:00', NULL),
(439, 206, 2, 1, 1508, 'paid', 'completed', 30, '0', '2022-07-01 12:00:00', NULL),
(440, 175, 2, 3, 1227, 'paid', 'completed', 30, '0', '2022-07-01 12:00:00', NULL),
(441, 202, 3, 1, 1505, 'unpaid', 'on_hold', 11, '0', ' 2022-06-25 12:00:00', NULL),
(442, 176, 1, 1, 1824, 'paid', 'completed', 27, '0', '2022-07-01 12:00:00', NULL),
(443, 104, 3, 1, 1461, 'unpaid', 'processing', 12, '0', '2022-07-01 12:00:00', NULL),
(444, 113, 2, 2, 1316, 'in_progress', 'completed', 16, '0', ' 2022-06-25 12:00:00', NULL),
(445, 213, 3, 1, 1608, 'in_progress', 'on_hold', 23, '0', '2022-07-01 12:00:00', NULL),
(446, 136, 3, 2, 1328, 'paid', 'processing', 27, '0', '2022-07-01 12:00:00', NULL),
(447, 218, 2, 1, 1836, 'paid', 'on_hold', 29, '0', ' 2022-06-25 12:00:00', NULL),
(448, 75, 3, 1, 1162, 'unpaid', 'on_hold', 19, '0', '2022-07-01 12:00:00', NULL),
(449, 130, 1, 1, 1917, 'in_progress', 'processing', 27, '0', '2022-07-01 12:00:00', NULL),
(450, 177, 1, 3, 1372, 'paid', 'processing', 19, '0', '2022-07-07 12:00:00', NULL),
(451, 212, 2, 2, 1803, 'in_progress', 'on_hold', 15, '0', '2022-06-01 12:00:00', NULL),
(452, 110, 1, 2, 1148, 'in_progress', 'completed', 15, '0', '2022-06-01 12:00:00', NULL),
(453, 202, 2, 3, 1494, 'in_progress', 'processing', 17, '0', ' 2022-06-25 12:00:00', NULL),
(454, 101, 2, 2, 1482, 'paid', 'completed', 23, '0', '2022-07-07 12:00:00', NULL),
(455, 142, 3, 1, 1064, 'paid', 'on_hold', 19, '0', ' 2022-06-25 12:00:00', NULL),
(456, 85, 3, 1, 1431, 'unpaid', 'completed', 23, '0', ' 2022-06-25 12:00:00', NULL),
(457, 83, 3, 3, 1437, 'unpaid', 'on_hold', 13, '0', '2022-06-01 12:00:00', NULL),
(458, 37, 2, 2, 1617, 'paid', 'on_hold', 12, '0', '2022-07-01 12:00:00', NULL),
(459, 38, 2, 2, 1529, 'in_progress', 'on_hold', 19, '0', '2022-07-07 12:00:00', NULL),
(460, 38, 3, 3, 1649, 'unpaid', 'on_hold', 27, '0', '2022-06-01 12:00:00', NULL),
(461, 196, 2, 3, 1174, 'unpaid', 'processing', 21, '0', '2022-07-01 12:00:00', NULL),
(462, 194, 1, 2, 1155, 'in_progress', 'processing', 21, '0', '2022-07-07 12:00:00', NULL),
(463, 137, 2, 2, 1871, 'paid', 'processing', 22, '0', '2022-07-07 12:00:00', NULL),
(464, 194, 2, 2, 1194, 'unpaid', 'on_hold', 29, '0', '2022-07-07 12:00:00', NULL),
(465, 69, 2, 1, 1650, 'unpaid', 'completed', 30, '0', '2022-07-01 12:00:00', NULL),
(466, 85, 3, 1, 1671, 'unpaid', 'completed', 30, '0', '2022-07-07 12:00:00', NULL),
(467, 63, 1, 3, 1604, 'in_progress', 'completed', 15, '0', '2022-07-07 12:00:00', NULL),
(468, 126, 2, 2, 1838, 'in_progress', 'processing', 20, '0', '2022-07-01 12:00:00', NULL),
(469, 110, 1, 2, 1602, 'in_progress', 'completed', 30, '0', '2022-07-07 12:00:00', NULL),
(470, 149, 2, 1, 1442, 'in_progress', 'on_hold', 18, '0', '2022-06-01 12:00:00', NULL),
(471, 98, 2, 1, 1994, 'unpaid', 'processing', 23, '0', '2022-07-01 12:00:00', NULL),
(472, 31, 2, 2, 1101, 'in_progress', 'completed', 19, '0', ' 2022-06-25 12:00:00', NULL),
(473, 54, 3, 2, 1419, 'unpaid', 'completed', 20, '0', '2022-07-07 12:00:00', NULL),
(474, 131, 1, 3, 1218, 'paid', 'processing', 21, '0', '2022-06-01 12:00:00', NULL),
(475, 204, 1, 1, 1467, 'in_progress', 'on_hold', 14, '0', ' 2022-06-25 12:00:00', NULL),
(476, 221, 2, 2, 1095, 'in_progress', 'on_hold', 24, '0', '2022-07-07 12:00:00', NULL),
(477, 168, 2, 3, 1065, 'paid', 'completed', 12, '0', '2022-07-01 12:00:00', NULL),
(478, 208, 1, 3, 1361, 'paid', 'completed', 16, '0', ' 2022-06-25 12:00:00', NULL),
(479, 145, 1, 3, 1642, 'in_progress', 'processing', 22, '0', '2022-07-07 12:00:00', NULL),
(480, 64, 2, 1, 1693, 'unpaid', 'on_hold', 26, '0', '2022-07-01 12:00:00', NULL),
(481, 126, 2, 3, 1666, 'in_progress', 'completed', 11, '0', ' 2022-06-25 12:00:00', NULL),
(482, 173, 2, 1, 1217, 'paid', 'processing', 28, '0', '2022-07-07 12:00:00', NULL),
(483, 101, 1, 3, 1874, 'paid', 'processing', 24, '0', '2022-07-07 12:00:00', NULL),
(484, 93, 2, 2, 1212, 'in_progress', 'on_hold', 18, '0', '2022-06-01 12:00:00', NULL),
(485, 128, 3, 1, 1342, 'in_progress', 'processing', 16, '0', '2022-07-01 12:00:00', NULL),
(486, 189, 1, 1, 1508, 'in_progress', 'completed', 21, '0', '2022-06-01 12:00:00', NULL),
(487, 213, 3, 3, 1703, 'in_progress', 'processing', 14, '0', '2022-07-07 12:00:00', NULL),
(488, 147, 2, 2, 1449, 'in_progress', 'on_hold', 28, '0', ' 2022-06-25 12:00:00', NULL),
(489, 114, 3, 3, 1967, 'in_progress', 'on_hold', 24, '0', '2022-07-07 12:00:00', NULL),
(490, 178, 3, 1, 1399, 'in_progress', 'on_hold', 27, '0', '2022-06-01 12:00:00', NULL),
(491, 157, 1, 2, 1245, 'in_progress', 'on_hold', 29, '0', '2022-06-01 12:00:00', NULL),
(492, 40, 2, 1, 1848, 'paid', 'on_hold', 24, '0', '2022-07-07 12:00:00', NULL),
(493, 62, 1, 2, 1110, 'unpaid', 'on_hold', 14, '0', '2022-06-01 12:00:00', NULL),
(494, 99, 1, 1, 1733, 'unpaid', 'completed', 28, '0', ' 2022-06-25 12:00:00', NULL),
(495, 213, 1, 1, 1505, 'paid', 'on_hold', 21, '0', '2022-07-07 12:00:00', NULL),
(496, 83, 2, 2, 1798, 'paid', 'on_hold', 22, '0', ' 2022-06-25 12:00:00', NULL),
(497, 181, 1, 1, 1941, 'unpaid', 'on_hold', 23, '0', '2022-07-01 12:00:00', NULL),
(498, 209, 3, 2, 1246, 'in_progress', 'processing', 13, '0', ' 2022-06-25 12:00:00', NULL),
(499, 197, 1, 2, 1371, 'unpaid', 'processing', 13, '0', '2022-06-01 12:00:00', NULL),
(500, 160, 1, 1, 1021, 'unpaid', 'processing', 16, '0', '2022-06-01 12:00:00', NULL),
(501, 107, 3, 3, 1931, 'paid', 'processing', 16, '0', '2022-07-01 12:00:00', NULL),
(502, 181, 2, 1, 1341, 'unpaid', 'on_hold', 12, '0', '2022-07-01 12:00:00', NULL),
(503, 167, 2, 2, 1936, 'in_progress', 'completed', 21, '0', '2022-07-07 12:00:00', NULL),
(504, 187, 1, 2, 1006, 'unpaid', 'on_hold', 27, '0', ' 2022-06-25 12:00:00', NULL),
(505, 207, 3, 1, 1515, 'paid', 'processing', 14, '0', ' 2022-06-25 12:00:00', NULL),
(506, 50, 2, 1, 1109, 'unpaid', 'processing', 13, '0', '2022-07-07 12:00:00', NULL),
(507, 144, 1, 1, 1880, 'in_progress', 'on_hold', 22, '0', '2022-06-01 12:00:00', NULL),
(508, 65, 1, 3, 1409, 'in_progress', 'on_hold', 17, '0', '2022-07-07 12:00:00', NULL),
(509, 78, 3, 2, 1768, 'unpaid', 'on_hold', 21, '0', ' 2022-06-25 12:00:00', NULL),
(510, 102, 1, 1, 1664, 'in_progress', 'completed', 18, '0', '2022-07-01 12:00:00', NULL),
(511, 160, 1, 3, 1440, 'unpaid', 'completed', 17, '0', '2022-06-01 12:00:00', NULL),
(512, 223, 2, 3, 1851, 'paid', 'completed', 25, '0', '2022-07-07 12:00:00', NULL),
(513, 71, 1, 1, 1320, 'in_progress', 'processing', 21, '0', ' 2022-06-25 12:00:00', NULL),
(514, 114, 2, 1, 1382, 'unpaid', 'on_hold', 29, '0', '2022-06-01 12:00:00', NULL),
(515, 69, 2, 2, 1067, 'in_progress', 'processing', 14, '0', ' 2022-06-25 12:00:00', NULL),
(516, 226, 1, 2, 1612, 'unpaid', 'processing', 13, '0', '2022-07-07 12:00:00', NULL),
(517, 133, 2, 1, 1820, 'paid', 'on_hold', 24, '0', ' 2022-06-25 12:00:00', NULL),
(518, 103, 1, 2, 1826, 'paid', 'processing', 30, '0', '2022-07-01 12:00:00', NULL),
(519, 168, 2, 1, 1703, 'unpaid', 'completed', 27, '0', '2022-07-07 12:00:00', NULL),
(520, 149, 1, 2, 1213, 'paid', 'completed', 25, '0', '2022-06-01 12:00:00', NULL),
(521, 198, 1, 2, 1019, 'paid', 'on_hold', 11, '0', '2022-07-01 12:00:00', NULL),
(522, 32, 3, 2, 1303, 'paid', 'processing', 19, '0', '2022-07-07 12:00:00', NULL),
(523, 51, 3, 2, 1400, 'in_progress', 'on_hold', 21, '0', '2022-07-07 12:00:00', NULL),
(524, 173, 1, 2, 1864, 'unpaid', 'on_hold', 14, '0', '2022-06-01 12:00:00', NULL),
(525, 112, 1, 2, 1369, 'unpaid', 'on_hold', 11, '0', '2022-07-01 12:00:00', NULL),
(526, 88, 1, 3, 1291, 'in_progress', 'completed', 24, '0', '2022-07-01 12:00:00', NULL),
(527, 183, 1, 1, 1514, 'in_progress', 'processing', 30, '0', '2022-07-07 12:00:00', NULL),
(528, 200, 1, 2, 1826, 'unpaid', 'completed', 23, '0', ' 2022-06-25 12:00:00', NULL),
(529, 94, 2, 3, 1861, 'unpaid', 'completed', 16, '0', ' 2022-06-25 12:00:00', NULL),
(530, 171, 1, 2, 1837, 'in_progress', 'completed', 20, '0', '2022-06-01 12:00:00', NULL),
(531, 43, 2, 2, 1225, 'paid', 'completed', 27, '0', ' 2022-06-25 12:00:00', NULL),
(532, 58, 3, 1, 1959, 'paid', 'completed', 13, '0', '2022-07-01 12:00:00', NULL),
(533, 174, 1, 3, 1940, 'paid', 'on_hold', 24, '0', '2022-07-07 12:00:00', NULL),
(534, 126, 2, 1, 1111, 'in_progress', 'on_hold', 19, '0', '2022-06-01 12:00:00', NULL),
(535, 34, 3, 1, 1422, 'in_progress', 'completed', 23, '0', ' 2022-06-25 12:00:00', NULL),
(536, 159, 3, 3, 1254, 'unpaid', 'processing', 21, '0', '2022-06-01 12:00:00', NULL),
(537, 179, 2, 3, 1270, 'paid', 'completed', 24, '0', '2022-07-01 12:00:00', NULL),
(538, 215, 3, 2, 1167, 'paid', 'on_hold', 13, '0', ' 2022-06-25 12:00:00', NULL),
(539, 107, 3, 1, 1198, 'in_progress', 'on_hold', 27, '0', ' 2022-06-25 12:00:00', NULL),
(540, 82, 1, 3, 1519, 'unpaid', 'completed', 30, '0', '2022-07-01 12:00:00', NULL),
(541, 156, 1, 2, 1234, 'paid', 'processing', 17, '0', '2022-07-07 12:00:00', NULL),
(542, 78, 1, 2, 1038, 'paid', 'on_hold', 21, '0', '2022-06-01 12:00:00', NULL),
(543, 34, 2, 1, 1922, 'unpaid', 'completed', 29, '0', ' 2022-06-25 12:00:00', NULL),
(544, 31, 3, 1, 1907, 'in_progress', 'processing', 29, '0', '2022-07-01 12:00:00', NULL),
(545, 60, 3, 2, 1299, 'unpaid', 'on_hold', 25, '0', '2022-07-01 12:00:00', NULL),
(546, 104, 2, 1, 1965, 'paid', 'on_hold', 23, '0', ' 2022-06-25 12:00:00', NULL),
(547, 142, 3, 3, 1395, 'paid', 'completed', 21, '0', ' 2022-06-25 12:00:00', NULL),
(548, 191, 1, 3, 1544, 'in_progress', 'processing', 18, '0', '2022-07-07 12:00:00', NULL),
(549, 151, 3, 1, 1797, 'unpaid', 'on_hold', 29, '0', ' 2022-06-25 12:00:00', NULL),
(550, 209, 1, 1, 1934, 'unpaid', 'processing', 28, '0', ' 2022-06-25 12:00:00', NULL),
(551, 32, 2, 2, 1052, 'in_progress', 'processing', 20, '0', '2022-06-01 12:00:00', NULL),
(552, 197, 1, 2, 1119, 'unpaid', 'processing', 27, '0', '2022-07-01 12:00:00', NULL),
(553, 162, 3, 2, 1122, 'paid', 'processing', 18, '0', '2022-06-01 12:00:00', NULL),
(554, 154, 1, 2, 1937, 'in_progress', 'processing', 17, '0', ' 2022-06-25 12:00:00', NULL),
(555, 155, 3, 3, 1822, 'in_progress', 'processing', 19, '0', '2022-07-01 12:00:00', NULL),
(556, 155, 3, 1, 1747, 'unpaid', 'completed', 26, '0', '2022-07-07 12:00:00', NULL),
(557, 213, 2, 2, 999, 'in_progress', 'processing', 29, '0', '2022-07-07 12:00:00', NULL),
(558, 86, 2, 2, 1931, 'unpaid', 'processing', 26, '0', '2022-07-01 12:00:00', NULL),
(559, 160, 2, 1, 1638, 'unpaid', 'on_hold', 27, '0', '2022-07-01 12:00:00', NULL),
(560, 201, 3, 1, 1684, 'in_progress', 'completed', 17, '0', '2022-07-01 12:00:00', NULL),
(561, 227, 2, 3, 1143, 'paid', 'processing', 30, '0', '2022-07-07 12:00:00', NULL),
(562, 45, 3, 2, 1508, 'paid', 'completed', 21, '0', ' 2022-06-25 12:00:00', NULL),
(563, 138, 1, 3, 1615, 'unpaid', 'completed', 17, '0', '2022-07-07 12:00:00', NULL),
(564, 62, 3, 3, 1780, 'paid', 'processing', 18, '0', ' 2022-06-25 12:00:00', NULL),
(565, 152, 2, 3, 1694, 'in_progress', 'processing', 28, '0', '2022-07-01 12:00:00', NULL),
(566, 61, 2, 2, 1193, 'in_progress', 'on_hold', 13, '0', ' 2022-06-25 12:00:00', NULL),
(567, 229, 2, 2, 1551, 'paid', 'completed', 17, '0', '2022-07-07 12:00:00', NULL),
(568, 109, 2, 1, 1251, 'unpaid', 'completed', 11, '0', '2022-06-01 12:00:00', NULL),
(569, 222, 1, 3, 1396, 'in_progress', 'processing', 27, '0', '2022-06-01 12:00:00', NULL),
(570, 64, 2, 2, 1012, 'paid', 'on_hold', 29, '0', '2022-07-07 12:00:00', NULL),
(571, 193, 2, 2, 1302, 'in_progress', 'processing', 23, '0', '2022-06-01 12:00:00', NULL),
(572, 190, 2, 1, 1578, 'paid', 'processing', 15, '0', '2022-06-01 12:00:00', NULL),
(573, 141, 3, 2, 1156, 'in_progress', 'processing', 23, '0', ' 2022-06-25 12:00:00', NULL),
(574, 80, 1, 2, 1236, 'paid', 'on_hold', 29, '0', '2022-06-01 12:00:00', NULL),
(575, 114, 1, 2, 1059, 'paid', 'on_hold', 30, '0', '2022-07-07 12:00:00', NULL),
(576, 199, 1, 3, 1355, 'unpaid', 'processing', 19, '0', '2022-07-01 12:00:00', NULL),
(577, 133, 1, 1, 1558, 'unpaid', 'processing', 15, '0', '2022-07-07 12:00:00', NULL),
(578, 192, 1, 1, 1226, 'paid', 'completed', 24, '0', '2022-07-01 12:00:00', NULL),
(579, 79, 3, 2, 1561, 'in_progress', 'completed', 23, '0', '2022-06-01 12:00:00', NULL),
(580, 197, 1, 3, 1635, 'paid', 'processing', 24, '0', '2022-07-07 12:00:00', NULL),
(581, 219, 3, 2, 1294, 'unpaid', 'processing', 19, '0', '2022-07-01 12:00:00', NULL),
(582, 186, 2, 1, 1431, 'in_progress', 'on_hold', 23, '0', ' 2022-06-25 12:00:00', NULL),
(583, 131, 2, 1, 1340, 'in_progress', 'processing', 30, '0', '2022-07-01 12:00:00', NULL),
(584, 83, 1, 1, 1772, 'in_progress', 'completed', 12, '0', '2022-07-07 12:00:00', NULL),
(585, 34, 1, 2, 1277, 'unpaid', 'processing', 21, '0', '2022-07-01 12:00:00', NULL),
(586, 192, 3, 1, 1573, 'in_progress', 'on_hold', 18, '0', '2022-07-07 12:00:00', NULL),
(587, 126, 2, 2, 1746, 'unpaid', 'completed', 20, '0', ' 2022-06-25 12:00:00', NULL),
(588, 125, 1, 1, 1449, 'paid', 'processing', 11, '0', '2022-06-01 12:00:00', NULL),
(589, 177, 3, 1, 1414, 'paid', 'completed', 25, '0', '2022-06-01 12:00:00', NULL),
(590, 228, 1, 2, 1776, 'unpaid', 'processing', 21, '0', '2022-07-07 12:00:00', NULL),
(591, 162, 1, 3, 1233, 'in_progress', 'processing', 17, '0', ' 2022-06-25 12:00:00', NULL),
(592, 166, 3, 2, 1877, 'paid', 'on_hold', 25, '0', '2022-07-01 12:00:00', NULL),
(593, 93, 1, 2, 1110, 'unpaid', 'on_hold', 13, '0', '2022-06-01 12:00:00', NULL),
(594, 63, 3, 2, 1312, 'unpaid', 'on_hold', 30, '0', '2022-07-07 12:00:00', NULL),
(595, 136, 3, 2, 1559, 'unpaid', 'on_hold', 12, '0', ' 2022-06-25 12:00:00', NULL),
(596, 167, 2, 2, 1067, 'in_progress', 'completed', 22, '0', '2022-06-01 12:00:00', NULL),
(597, 74, 2, 1, 1583, 'unpaid', 'processing', 22, '0', '2022-07-01 12:00:00', NULL);
INSERT INTO `user_service_master` (`user_service_id`, `_user_id`, `_service_id`, `_year_id`, `price`, `payment`, `status`, `_assigned_to`, `is_deleted`, `created_at`, `modified_at`) VALUES
(598, 172, 1, 1, 1167, 'in_progress', 'on_hold', 13, '0', '2022-07-07 12:00:00', NULL),
(599, 67, 2, 1, 1019, 'in_progress', 'processing', 29, '0', ' 2022-06-25 12:00:00', NULL),
(600, 48, 3, 1, 1755, 'in_progress', 'processing', 13, '0', '2022-07-07 12:00:00', NULL);

-- --------------------------------------------------------

--
-- Table structure for table `user_uploads_meta`
--

CREATE TABLE `user_uploads_meta` (
  `_user_id` int(11) DEFAULT NULL,
  `_service_id` varchar(255) DEFAULT NULL,
  `_name` varchar(255) DEFAULT NULL,
  `value` varchar(255) DEFAULT NULL,
  `is_deleted` enum('0','1') DEFAULT '0',
  `created_at` varchar(25) DEFAULT NULL,
  `modified_at` varchar(25) DEFAULT NULL
) ENGINE=InnoDB DEFAULT CHARSET=utf8mb4;

--
-- Indexes for dumped tables
--

--
-- Indexes for table `financial_year_master`
--
ALTER TABLE `financial_year_master`
  ADD PRIMARY KEY (`year_id`);

--
-- Indexes for table `services_master`
--
ALTER TABLE `services_master`
  ADD PRIMARY KEY (`service_id`);

--
-- Indexes for table `service_input_fields`
--
ALTER TABLE `service_input_fields`
  ADD PRIMARY KEY (`input_id`);

--
-- Indexes for table `user_master`
--
ALTER TABLE `user_master`
  ADD PRIMARY KEY (`user_id`);

--
-- Indexes for table `user_service_master`
--
ALTER TABLE `user_service_master`
  ADD PRIMARY KEY (`user_service_id`);

--
-- AUTO_INCREMENT for dumped tables
--

--
-- AUTO_INCREMENT for table `financial_year_master`
--
ALTER TABLE `financial_year_master`
  MODIFY `year_id` int(11) NOT NULL AUTO_INCREMENT, AUTO_INCREMENT=4;

--
-- AUTO_INCREMENT for table `services_master`
--
ALTER TABLE `services_master`
  MODIFY `service_id` int(11) NOT NULL AUTO_INCREMENT, AUTO_INCREMENT=4;

--
-- AUTO_INCREMENT for table `service_input_fields`
--
ALTER TABLE `service_input_fields`
  MODIFY `input_id` int(11) NOT NULL AUTO_INCREMENT;

--
-- AUTO_INCREMENT for table `user_master`
--
ALTER TABLE `user_master`
  MODIFY `user_id` int(11) NOT NULL AUTO_INCREMENT, AUTO_INCREMENT=231;

--
-- AUTO_INCREMENT for table `user_service_master`
--
ALTER TABLE `user_service_master`
  MODIFY `user_service_id` int(11) NOT NULL AUTO_INCREMENT, AUTO_INCREMENT=601;
COMMIT;

/*!40101 SET CHARACTER_SET_CLIENT=@OLD_CHARACTER_SET_CLIENT */;
/*!40101 SET CHARACTER_SET_RESULTS=@OLD_CHARACTER_SET_RESULTS */;
/*!40101 SET COLLATION_CONNECTION=@OLD_COLLATION_CONNECTION */;
